Year,Portfolio Basis,ALM Basis,Quantile,Waterfall Element,Value
1,0,0,1,0,957826.3621
1,0,0,1,1,500416.1419
1,0,0,1,2,83950.39928
1,0,0,1,3,340971.7743
1,0,0,1,4,608220.783
1,0,0,1,5,534127.5778
1,0,0,1,6,479517.3955
1,0,0,2,0,665968.1044
1,0,0,2,1,84219.82222
1,0,0,2,2,736128.1445
1,0,0,2,3,935130.5854
1,0,0,2,4,675537.0168
1,0,0,2,5,856350.1886
1,0,0,2,6,669106.4157
1,0,0,3,0,186851.0584
1,0,0,3,1,904858.5186
1,0,0,3,2,790760.2426
1,0,0,3,3,295829.6627
1,0,0,3,4,358348.6178
1,0,0,3,5,528309.3288
1,0,0,3,6,734413.3874
1,0,0,0,0,207122.7011
1,0,0,0,1,711733.548
1,0,0,0,2,13902.37763
1,0,0,0,3,783799.9876
1,0,0,0,4,426408.4655
1,0,0,0,5,935926.144
1,0,0,0,6,315363.0974
1,0,1,1,0,355606.2449
1,0,1,1,1,430001.3019
1,0,1,1,2,415709.4819
1,0,1,1,3,585271.2905
1,0,1,1,4,897505.6943
1,0,1,1,5,93632.57217
1,0,1,1,6,909962.7702
1,0,1,2,0,354611.9019
1,0,1,2,1,578214.7163
1,0,1,2,2,378227.4612
1,0,1,2,3,334174.3244
1,0,1,2,4,617241.3744
1,0,1,2,5,578180.901
1,0,1,2,6,701740.584
1,0,1,3,0,890184.4918
1,0,1,3,1,282191.2263
1,0,1,3,2,665749.0334
1,0,1,3,3,108897.7591
1,0,1,3,4,615210.3985
1,0,1,3,5,12393.55348
1,0,1,3,6,588376.126
1,0,1,0,0,546979.4831
1,0,1,0,1,532556.4528
1,0,1,0,2,555328.1166
1,0,1,0,3,434443.8568
1,0,1,0,4,783321.57
1,0,1,0,5,978015.2836
1,0,1,0,6,289254.0612
1,1,0,1,0,528442.8714
1,1,0,1,1,758996.6454
1,1,0,1,2,348816.13
1,1,0,1,3,858103.8584
1,1,0,1,4,610780.2063
1,1,0,1,5,463180.0225
1,1,0,1,6,476078.7897
1,1,0,2,0,448780.8697
1,1,0,2,1,23187.71824
1,1,0,2,2,733992.0527
1,1,0,2,3,57082.99069
1,1,0,2,4,476515.9248
1,1,0,2,5,371685.7184
1,1,0,2,6,744148.1015
1,1,0,3,0,100264.5706
1,1,0,3,1,187102.7253
1,1,0,3,2,671282.8023
1,1,0,3,3,313536.9384
1,1,0,3,4,133701.2775
1,1,0,3,5,959245.5431
1,1,0,3,6,290069.3812
1,1,0,0,0,605886.3861
1,1,0,0,1,6952.931768
1,1,0,0,2,895916.8784
1,1,0,0,3,105088.801
1,1,0,0,4,212965.2894
1,1,0,0,5,476471.7857
1,1,0,0,6,630537.0963
1,1,1,1,0,158346.9133
1,1,1,1,1,107308.844
1,1,1,1,2,406400.8565
1,1,1,1,3,141951.5995
1,1,1,1,4,758546.8451
1,1,1,1,5,453244.3132
1,1,1,1,6,339429.2174
1,1,1,2,0,771595.549
1,1,1,2,1,412613.1992
1,1,1,2,2,806032.5291
1,1,1,2,3,396475.4888
1,1,1,2,4,566900.0828
1,1,1,2,5,190795.495
1,1,1,2,6,800230.1068
1,1,1,3,0,949321.0151
1,1,1,3,1,536908.1373
1,1,1,3,2,130117.9255
1,1,1,3,3,30915.89314
1,1,1,3,4,276917.5484
1,1,1,3,5,399231.6873
1,1,1,3,6,63169.02313
1,1,1,0,0,465214.9101
1,1,1,0,1,463944.1787
1,1,1,0,2,921896.8326
1,1,1,0,3,822700.6438
1,1,1,0,4,386591.4453
1,1,1,0,5,129290.7308
1,1,1,0,6,19286.85698
1,2,0,1,0,117233.4322
1,2,0,1,1,570672.1165
1,2,0,1,2,182496.3764
1,2,0,1,3,348307.3487
1,2,0,1,4,498841.5461
1,2,0,1,5,118899.554
1,2,0,1,6,697773.2638
1,2,0,2,0,269062.0198
1,2,0,2,1,751516.1768
1,2,0,2,2,135105.1152
1,2,0,2,3,168097.2068
1,2,0,2,4,683741.3743
1,2,0,2,5,716984.3938
1,2,0,2,6,220129.2661
1,2,0,3,0,855948.2288
1,2,0,3,1,448090.6948
1,2,0,3,2,44585.99389
1,2,0,3,3,580906.6679
1,2,0,3,4,692636.3618
1,2,0,3,5,761738.1056
1,2,0,3,6,602787.4492
1,2,0,0,0,402972.423
1,2,0,0,1,194748.4574
1,2,0,0,2,186826.9507
1,2,0,0,3,322139.2211
1,2,0,0,4,19134.58887
1,2,0,0,5,164104.5241
1,2,0,0,6,718811.3811
1,2,1,1,0,52958.88454
1,2,1,1,1,322097.6122
1,2,1,1,2,516712.6008
1,2,1,1,3,638937.7225
1,2,1,1,4,615748.5676
1,2,1,1,5,815110.1711
1,2,1,1,6,446563.5498
1,2,1,2,0,714848.5002
1,2,1,2,1,598333.153
1,2,1,2,2,672249.7496
1,2,1,2,3,271708.3705
1,2,1,2,4,683909.8517
1,2,1,2,5,610930.7094
1,2,1,2,6,188745.8038
1,2,1,3,0,732911.9992
1,2,1,3,1,853277.2443
1,2,1,3,2,648844.0738
1,2,1,3,3,41782.04778
1,2,1,3,4,219279.5255
1,2,1,3,5,81378.5136
1,2,1,3,6,932189.1436
1,2,1,0,0,853507.6222
1,2,1,0,1,380602.2767
1,2,1,0,2,367407.1455
1,2,1,0,3,93051.22558
1,2,1,0,4,650526.0675
1,2,1,0,5,852772.2672
1,2,1,0,6,768582.9806
2,0,0,1,0,862688.3078
2,0,0,1,1,947919.7453
2,0,0,1,2,370465.852
2,0,0,1,3,389351.3637
2,0,0,1,4,474875.9176
2,0,0,1,5,350906.7499
2,0,0,1,6,370398.1499
2,0,0,2,0,742356.0779
2,0,0,2,1,846215.2281
2,0,0,2,2,763516.3827
2,0,0,2,3,298802.4441
2,0,0,2,4,867935.2842
2,0,0,2,5,220202.6374
2,0,0,2,6,521208.0154
2,0,0,3,0,228388.8442
2,0,0,3,1,217053.6464
2,0,0,3,2,369085.082
2,0,0,3,3,23147.71913
2,0,0,3,4,62889.73669
2,0,0,3,5,451998.325
2,0,0,3,6,636002.7888
2,0,0,0,0,729895.6239
2,0,0,0,1,561399.6611
2,0,0,0,2,999830.1079
2,0,0,0,3,69646.8721
2,0,0,0,4,713546.2944
2,0,0,0,5,650069.7225
2,0,0,0,6,405495.0275
2,0,1,1,0,654636.374
2,0,1,1,1,299903.488
2,0,1,1,2,5317.868326
2,0,1,1,3,274666.5603
2,0,1,1,4,173045.4562
2,0,1,1,5,726059.6491
2,0,1,1,6,690567.9259
2,0,1,2,0,870801.4945
2,0,1,2,1,545988.3215
2,0,1,2,2,151789.4394
2,0,1,2,3,707631.9676
2,0,1,2,4,236557.5038
2,0,1,2,5,598896.0468
2,0,1,2,6,809455.9294
2,0,1,3,0,684201.8897
2,0,1,3,1,46634.06268
2,0,1,3,2,70095.46302
2,0,1,3,3,554667.0055
2,0,1,3,4,560518.2257
2,0,1,3,5,267262.5447
2,0,1,3,6,339527.7912
2,0,1,0,0,588708.3783
2,0,1,0,1,61134.8874
2,0,1,0,2,96985.56447
2,0,1,0,3,792920.4374
2,0,1,0,4,663819.2937
2,0,1,0,5,941800.9029
2,0,1,0,6,594029.2154
2,1,0,1,0,956452.2099
2,1,0,1,1,653665.1314
2,1,0,1,2,486831.4761
2,1,0,1,3,857486.3729
2,1,0,1,4,537928.9934
2,1,0,1,5,973901.2497
2,1,0,1,6,498942.0341
2,1,0,2,0,622693.3532
2,1,0,2,1,292713.1412
2,1,0,2,2,971510.4596
2,1,0,2,3,71370.88837
2,1,0,2,4,655595.6061
2,1,0,2,5,196126.5749
2,1,0,2,6,66636.46866
2,1,0,3,0,761217.4795
2,1,0,3,1,386563.1099
2,1,0,3,2,748774.2025
2,1,0,3,3,126923.8556
2,1,0,3,4,393274.6049
2,1,0,3,5,811029.4094
2,1,0,3,6,367210.6833
2,1,0,0,0,281915.0125
2,1,0,0,1,615235.0788
2,1,0,0,2,802492.8633
2,1,0,0,3,719600.1523
2,1,0,0,4,143843.0094
2,1,0,0,5,498004.2149
2,1,0,0,6,632832.2361
2,1,1,1,0,554495.2782
2,1,1,1,1,191198.3156
2,1,1,1,2,928951.4706
2,1,1,1,3,675553.4088
2,1,1,1,4,40588.29278
2,1,1,1,5,892737.1509
2,1,1,1,6,281286.1688
2,1,1,2,0,979497.3811
2,1,1,2,1,886263.3798
2,1,1,2,2,2137.310417
2,1,1,2,3,859343.5643
2,1,1,2,4,643704.4695
2,1,1,2,5,540006.3189
2,1,1,2,6,337296.8874
2,1,1,3,0,917419.2103
2,1,1,3,1,698543.1281
2,1,1,3,2,586204.004
2,1,1,3,3,273310.5199
2,1,1,3,4,628891.1924
2,1,1,3,5,503876.0617
2,1,1,3,6,45592.58058
2,1,1,0,0,124446.575
2,1,1,0,1,242721.1569
2,1,1,0,2,511950.7578
2,1,1,0,3,665590.0639
2,1,1,0,4,567987.6439
2,1,1,0,5,806026.9655
2,1,1,0,6,610864.6703
2,2,0,1,0,442975.4421
2,2,0,1,1,271586.1329
2,2,0,1,2,254270.93
2,2,0,1,3,163870.5915
2,2,0,1,4,559853.0501
2,2,0,1,5,925825.5877
2,2,0,1,6,374709.6276
2,2,0,2,0,290450.6453
2,2,0,2,1,633567.5176
2,2,0,2,2,954967.6028
2,2,0,2,3,134102.3621
2,2,0,2,4,897002.2633
2,2,0,2,5,682211.0242
2,2,0,2,6,281402.7059
2,2,0,3,0,128277.3144
2,2,0,3,1,458143.035
2,2,0,3,2,489591.3852
2,2,0,3,3,653113.6373
2,2,0,3,4,459005.8222
2,2,0,3,5,574055.6747
2,2,0,3,6,117005.9701
2,2,0,0,0,208497.6214
2,2,0,0,1,172736.6907
2,2,0,0,2,884958.2285
2,2,0,0,3,153892.8043
2,2,0,0,4,149183.5117
2,2,0,0,5,506094.1355
2,2,0,0,6,10698.7991
2,2,1,1,0,925407.1345
2,2,1,1,1,619019.1895
2,2,1,1,2,574644.5424
2,2,1,1,3,801638.3042
2,2,1,1,4,282197.9571
2,2,1,1,5,146193.1183
2,2,1,1,6,814288.7278
2,2,1,2,0,336398.3069
2,2,1,2,1,786135.9756
2,2,1,2,2,295493.2439
2,2,1,2,3,438737.7903
2,2,1,2,4,782715.7767
2,2,1,2,5,75470.49234
2,2,1,2,6,498995.4253
2,2,1,3,0,411882.6104
2,2,1,3,1,449559.8729
2,2,1,3,2,943869.6877
2,2,1,3,3,386012.9566
2,2,1,3,4,950468.2717
2,2,1,3,5,101830.7504
2,2,1,3,6,200025.2577
2,2,1,0,0,316927.1815
2,2,1,0,1,370336.1747
2,2,1,0,2,883373.7092
2,2,1,0,3,687978.8538
2,2,1,0,4,240558.8267
2,2,1,0,5,168598.6808
2,2,1,0,6,999706.6131
3,0,0,1,0,943054.2985
3,0,0,1,1,441028.5949
3,0,0,1,2,594462.0767
3,0,0,1,3,648772.1514
3,0,0,1,4,834256.1692
3,0,0,1,5,217594.3498
3,0,0,1,6,603015.6331
3,0,0,2,0,556190.9121
3,0,0,2,1,201222.0301
3,0,0,2,2,49741.81768
3,0,0,2,3,9155.797324
3,0,0,2,4,870905.1733
3,0,0,2,5,932291.8735
3,0,0,2,6,339844.0742
3,0,0,3,0,862916.478
3,0,0,3,1,107767.1804
3,0,0,3,2,149985.1995
3,0,0,3,3,396994.9138
3,0,0,3,4,552827.5433
3,0,0,3,5,285540.2799
3,0,0,3,6,171152.497
3,0,0,0,0,928159.7907
3,0,0,0,1,910525.5774
3,0,0,0,2,401944.423
3,0,0,0,3,691294.4467
3,0,0,0,4,936577.076
3,0,0,0,5,637692.229
3,0,0,0,6,911792.96
3,0,1,1,0,206019.1465
3,0,1,1,1,592381.6298
3,0,1,1,2,705497.0388
3,0,1,1,3,929930.0822
3,0,1,1,4,27333.32777
3,0,1,1,5,336711.8184
3,0,1,1,6,987073.6583
3,0,1,2,0,467593.9296
3,0,1,2,1,378441.3654
3,0,1,2,2,208099.7155
3,0,1,2,3,275159.2581
3,0,1,2,4,128993.1405
3,0,1,2,5,957951.1249
3,0,1,2,6,138733.9804
3,0,1,3,0,9878.955648
3,0,1,3,1,344299.5357
3,0,1,3,2,52863.14079
3,0,1,3,3,758223.2019
3,0,1,3,4,495758.4594
3,0,1,3,5,395923.2917
3,0,1,3,6,749445.9985
3,0,1,0,0,63777.19924
3,0,1,0,1,122399.8475
3,0,1,0,2,206851.2312
3,0,1,0,3,42076.96695
3,0,1,0,4,168262.588
3,0,1,0,5,119856.6995
3,0,1,0,6,102992.5929
3,1,0,1,0,672354.2039
3,1,0,1,1,221377.6963
3,1,0,1,2,677596.6734
3,1,0,1,3,535891.0183
3,1,0,1,4,344262.4862
3,1,0,1,5,514231.6666
3,1,0,1,6,835040.9673
3,1,0,2,0,57825.77346
3,1,0,2,1,555902.0831
3,1,0,2,2,723900.8621
3,1,0,2,3,412021.6763
3,1,0,2,4,678238.2582
3,1,0,2,5,664265.8315
3,1,0,2,6,232075.3395
3,1,0,3,0,389099.7437
3,1,0,3,1,98585.54675
3,1,0,3,2,956776.9053
3,1,0,3,3,460696.9394
3,1,0,3,4,570537.695
3,1,0,3,5,222134.9156
3,1,0,3,6,441775.9463
3,1,0,0,0,207529.646
3,1,0,0,1,66822.85838
3,1,0,0,2,765879.1238
3,1,0,0,3,789872.6623
3,1,0,0,4,35891.89462
3,1,0,0,5,118988.4452
3,1,0,0,6,763664.8808
3,1,1,1,0,359054.0736
3,1,1,1,1,875319.9611
3,1,1,1,2,53581.29847
3,1,1,1,3,242791.9979
3,1,1,1,4,518667.3474
3,1,1,1,5,123719.7103
3,1,1,1,6,704976.802
3,1,1,2,0,380754.0145
3,1,1,2,1,550872.7716
3,1,1,2,2,706604.182
3,1,1,2,3,470842.961
3,1,1,2,4,4455.713979
3,1,1,2,5,252887.7723
3,1,1,2,6,745302.6285
3,1,1,3,0,276907.1581
3,1,1,3,1,381156.8631
3,1,1,3,2,989320.6687
3,1,1,3,3,713566.3429
3,1,1,3,4,118780.73
3,1,1,3,5,868555.2522
3,1,1,3,6,351118.3226
3,1,1,0,0,220785.1521
3,1,1,0,1,521448.2047
3,1,1,0,2,140836.6219
3,1,1,0,3,766129.1755
3,1,1,0,4,850067.7822
3,1,1,0,5,211129.0853
3,1,1,0,6,388182.8811
3,2,0,1,0,376009.5807
3,2,0,1,1,800728.566
3,2,0,1,2,529572.4988
3,2,0,1,3,99144.18264
3,2,0,1,4,245177.285
3,2,0,1,5,437261.4006
3,2,0,1,6,637445.512
3,2,0,2,0,778444.2812
3,2,0,2,1,499743.6116
3,2,0,2,2,230671.7328
3,2,0,2,3,351328.7391
3,2,0,2,4,227203.0154
3,2,0,2,5,307831.1606
3,2,0,2,6,993075.6496
3,2,0,3,0,537932.9111
3,2,0,3,1,818223.4585
3,2,0,3,2,707411.6392
3,2,0,3,3,752764.7682
3,2,0,3,4,349503.3613
3,2,0,3,5,535905.6223
3,2,0,3,6,163774.056
3,2,0,0,0,94474.41968
3,2,0,0,1,225979.2721
3,2,0,0,2,418512.4656
3,2,0,0,3,395960.543
3,2,0,0,4,298381.7006
3,2,0,0,5,512327.4707
3,2,0,0,6,439928.1872
3,2,1,1,0,449983.5279
3,2,1,1,1,151399.0616
3,2,1,1,2,743571.0093
3,2,1,1,3,798712.547
3,2,1,1,4,216364.6111
3,2,1,1,5,875618.3267
3,2,1,1,6,135385.4027
3,2,1,2,0,44169.56975
3,2,1,2,1,590511.7448
3,2,1,2,2,221298.7002
3,2,1,2,3,584735.8723
3,2,1,2,4,462312.4047
3,2,1,2,5,256678.5245
3,2,1,2,6,405581.7301
3,2,1,3,0,532881.3548
3,2,1,3,1,669020.7225
3,2,1,3,2,639725.1917
3,2,1,3,3,243155.2757
3,2,1,3,4,372172.1532
3,2,1,3,5,413350.5367
3,2,1,3,6,913628.0019
3,2,1,0,0,511377.2827
3,2,1,0,1,688419.9248
3,2,1,0,2,180871.1198
3,2,1,0,3,81660.25001
3,2,1,0,4,319909.4207
3,2,1,0,5,522219.9154
3,2,1,0,6,305067.0991
4,0,0,1,0,50394.22118
4,0,0,1,1,13699.89982
4,0,0,1,2,5457.319794
4,0,0,1,3,944258.0608
4,0,0,1,4,308150.6475
4,0,0,1,5,928193.4199
4,0,0,1,6,183330.9418
4,0,0,2,0,462152.3552
4,0,0,2,1,288248.334
4,0,0,2,2,136935.4798
4,0,0,2,3,567579.0039
4,0,0,2,4,462065.4431
4,0,0,2,5,748383.1623
4,0,0,2,6,184277.6832
4,0,0,3,0,983193.4053
4,0,0,3,1,967997.304
4,0,0,3,2,529692.5415
4,0,0,3,3,679678.7721
4,0,0,3,4,568760.4667
4,0,0,3,5,20177.9363
4,0,0,3,6,872537.8051
4,0,0,0,0,545136.6867
4,0,0,0,1,369667.5492
4,0,0,0,2,258353.0689
4,0,0,0,3,60763.414
4,0,0,0,4,653574.0877
4,0,0,0,5,823766.8739
4,0,0,0,6,902997.2489
4,0,1,1,0,542168.7217
4,0,1,1,1,573540.9256
4,0,1,1,2,580688.7145
4,0,1,1,3,912805.2397
4,0,1,1,4,830154.3456
4,0,1,1,5,144384.909
4,0,1,1,6,518848.5268
4,0,1,2,0,996226.0968
4,0,1,2,1,429982.049
4,0,1,2,2,646080.8992
4,0,1,2,3,528293.8165
4,0,1,2,4,585469.4744
4,0,1,2,5,752813
4,0,1,2,6,399198.941
4,0,1,3,0,612887.5424
4,0,1,3,1,843326.7687
4,0,1,3,2,481666.9737
4,0,1,3,3,733029.5608
4,0,1,3,4,131927.7042
4,0,1,3,5,266314.414
4,0,1,3,6,135670.0494
4,0,1,0,0,393674.4743
4,0,1,0,1,549152.7637
4,0,1,0,2,472060.2024
4,0,1,0,3,642436.4266
4,0,1,0,4,628949.2764
4,0,1,0,5,886185.513
4,0,1,0,6,314518.325
4,1,0,1,0,573155.6205
4,1,0,1,1,383234.5338
4,1,0,1,2,187818.6903
4,1,0,1,3,557511.7436
4,1,0,1,4,320933.1785
4,1,0,1,5,262949.8039
4,1,0,1,6,698147.2866
4,1,0,2,0,955265.787
4,1,0,2,1,910159.5348
4,1,0,2,2,192115.1985
4,1,0,2,3,119404.8212
4,1,0,2,4,738010.1206
4,1,0,2,5,313158.2857
4,1,0,2,6,967503.3025
4,1,0,3,0,279461.0607
4,1,0,3,1,181390.428
4,1,0,3,2,120091.6593
4,1,0,3,3,244173.9035
4,1,0,3,4,769291.7296
4,1,0,3,5,150345.7087
4,1,0,3,6,159077.4478
4,1,0,0,0,834722.7558
4,1,0,0,1,628330.9761
4,1,0,0,2,251270.2116
4,1,0,0,3,195698.5073
4,1,0,0,4,589364.5483
4,1,0,0,5,953470.0149
4,1,0,0,6,500694.2833
4,1,1,1,0,154562.0111
4,1,1,1,1,539010.0193
4,1,1,1,2,386566.1441
4,1,1,1,3,224381.2881
4,1,1,1,4,400292.6817
4,1,1,1,5,429785.0515
4,1,1,1,6,795678.3244
4,1,1,2,0,237652.6998
4,1,1,2,1,491320.6497
4,1,1,2,2,254979.7798
4,1,1,2,3,106846.9568
4,1,1,2,4,225917.0071
4,1,1,2,5,477050.8603
4,1,1,2,6,899204.1543
4,1,1,3,0,166086.9124
4,1,1,3,1,643792.4989
4,1,1,3,2,247478.0169
4,1,1,3,3,549565.5554
4,1,1,3,4,715364.9024
4,1,1,3,5,381877.8003
4,1,1,3,6,664037.1159
4,1,1,0,0,99973.3873
4,1,1,0,1,51682.84534
4,1,1,0,2,912138.0021
4,1,1,0,3,201456.6166
4,1,1,0,4,377214.1787
4,1,1,0,5,704992.1384
4,1,1,0,6,616038.8684
4,2,0,1,0,612607.4584
4,2,0,1,1,651230.4598
4,2,0,1,2,518513.0152
4,2,0,1,3,523974.8121
4,2,0,1,4,691818.1196
4,2,0,1,5,557074.8264
4,2,0,1,6,844137.1866
4,2,0,2,0,750201.2508
4,2,0,2,1,556852.0265
4,2,0,2,2,252300.6201
4,2,0,2,3,175941.4068
4,2,0,2,4,494395.2484
4,2,0,2,5,995720.5006
4,2,0,2,6,361088.986
4,2,0,3,0,436442.7293
4,2,0,3,1,599133.0584
4,2,0,3,2,331731.0757
4,2,0,3,3,15201.68573
4,2,0,3,4,303076.7427
4,2,0,3,5,301986.7585
4,2,0,3,6,948647.0047
4,2,0,0,0,91887.48705
4,2,0,0,1,416482.1744
4,2,0,0,2,1606.67914
4,2,0,0,3,87561.16882
4,2,0,0,4,570159.7329
4,2,0,0,5,47526.80873
4,2,0,0,6,569069.737
4,2,1,1,0,778063.4479
4,2,1,1,1,779401.0436
4,2,1,1,2,816610.8428
4,2,1,1,3,978938.7113
4,2,1,1,4,798507.6041
4,2,1,1,5,198040.9275
4,2,1,1,6,356635.713
4,2,1,2,0,808890.8014
4,2,1,2,1,373659.999
4,2,1,2,2,375090.2317
4,2,1,2,3,390128.1704
4,2,1,2,4,462438.2817
4,2,1,2,5,912739.4787
4,2,1,2,6,493606.3452
4,2,1,3,0,551360.1343
4,2,1,3,1,806178.0096
4,2,1,3,2,466833.5546
4,2,1,3,3,72701.49072
4,2,1,3,4,425907.4259
4,2,1,3,5,281170.568
4,2,1,3,6,741903.5959
4,2,1,0,0,313495.6884
4,2,1,0,1,702941.2809
4,2,1,0,2,447464.0445
4,2,1,0,3,442067.2039
4,2,1,0,4,634455.2289
4,2,1,0,5,39648.61393
4,2,1,0,6,351441.2799
5,0,0,1,0,437573.4993
5,0,0,1,1,12846.23246
5,0,0,1,2,222528.1785
5,0,0,1,3,67583.73929
5,0,0,1,4,752862.9026
5,0,0,1,5,851572.2564
5,0,0,1,6,476911.5196
5,0,0,2,0,259408.808
5,0,0,2,1,652329.8671
5,0,0,2,2,224453.4541
5,0,0,2,3,323909.2226
5,0,0,2,4,628752.2003
5,0,0,2,5,164883.6224
5,0,0,2,6,518044.8888
5,0,0,3,0,213084.4816
5,0,0,3,1,678229.8743
5,0,0,3,2,233128.3779
5,0,0,3,3,684379.1294
5,0,0,3,4,269507.4732
5,0,0,3,5,298629.7137
5,0,0,3,6,298961.1306
5,0,0,0,0,546558.9487
5,0,0,0,1,885445.6639
5,0,0,0,2,311145.2393
5,0,0,0,3,544611.5997
5,0,0,0,4,857913.6897
5,0,0,0,5,559796.7831
5,0,0,0,6,243779.7462
5,0,1,1,0,196625.8404
5,0,1,1,1,105472.8394
5,0,1,1,2,342472.7485
5,0,1,1,3,301911.5446
5,0,1,1,4,270020.8449
5,0,1,1,5,369798.7354
5,0,1,1,6,476294.291
5,0,1,2,0,704926.2479
5,0,1,2,1,880814.9213
5,0,1,2,2,905760.0299
5,0,1,2,3,345557.5286
5,0,1,2,4,303985.6141
5,0,1,2,5,787364.4441
5,0,1,2,6,492615.9815
5,0,1,3,0,638285.9295
5,0,1,3,1,670416.4699
5,0,1,3,2,134414.7168
5,0,1,3,3,16821.16113
5,0,1,3,4,708281.3475
5,0,1,3,5,649867.4951
5,0,1,3,6,468498.6133
5,0,1,0,0,197249.0929
5,0,1,0,1,483441.113
5,0,1,0,2,714295.7222
5,0,1,0,3,969294.0681
5,0,1,0,4,840072.0913
5,0,1,0,5,908407.9877
5,0,1,0,6,312008.3613
5,1,0,1,0,498777.1063
5,1,0,1,1,519324.4232
5,1,0,1,2,832472.7878
5,1,0,1,3,815400.0678
5,1,0,1,4,508484.4638
5,1,0,1,5,119213.904
5,1,0,1,6,457750.0542
5,1,0,2,0,596689.58
5,1,0,2,1,64925.98368
5,1,0,2,2,245537.0634
5,1,0,2,3,947999.2379
5,1,0,2,4,223873.4451
5,1,0,2,5,254163.5332
5,1,0,2,6,116091.5173
5,1,0,3,0,565065.1509
5,1,0,3,1,762279.4017
5,1,0,3,2,8799.905589
5,1,0,3,3,173768.37
5,1,0,3,4,747763.5397
5,1,0,3,5,691515.193
5,1,0,3,6,964097.8999
5,1,0,0,0,331046.7303
5,1,0,0,1,877137.9888
5,1,0,0,2,3273.120703
5,1,0,0,3,294675.6768
5,1,0,0,4,450901.2068
5,1,0,0,5,82367.58765
5,1,0,0,6,632364.6714
5,1,1,1,0,609201.8757
5,1,1,1,1,396672.3096
5,1,1,1,2,333204.9285
5,1,1,1,3,491523.3643
5,1,1,1,4,887739.9505
5,1,1,1,5,742239.2878
5,1,1,1,6,237676.2044
5,1,1,2,0,29928.58651
5,1,1,2,1,134868.0039
5,1,1,2,2,23873.01808
5,1,1,2,3,417876.9982
5,1,1,2,4,416066.3528
5,1,1,2,5,891426.9007
5,1,1,2,6,236436.7129
5,1,1,3,0,72047.98198
5,1,1,3,1,157457.99
5,1,1,3,2,998725.9399
5,1,1,3,3,129140.2558
5,1,1,3,4,347717.6281
5,1,1,3,5,212950.9147
5,1,1,3,6,41262.19624
5,1,1,0,0,739843.9861
5,1,1,0,1,448549.1335
5,1,1,0,2,427680.5526
5,1,1,0,3,707485.7009
5,1,1,0,4,521946.0448
5,1,1,0,5,976631.597
5,1,1,0,6,426475.8234
5,2,0,1,0,902869.72
5,2,0,1,1,364176.8259
5,2,0,1,2,872306.3707
5,2,0,1,3,938394.8963
5,2,0,1,4,825521.7197
5,2,0,1,5,781163.2273
5,2,0,1,6,455221.0091
5,2,0,2,0,893242.4257
5,2,0,2,1,371796.9861
5,2,0,2,2,561414.0043
5,2,0,2,3,493155.3167
5,2,0,2,4,530332.7416
5,2,0,2,5,177853.8603
5,2,0,2,6,199417.4538
5,2,0,3,0,929265.0255
5,2,0,3,1,190428.2104
5,2,0,3,2,322815.7052
5,2,0,3,3,509830.3518
5,2,0,3,4,883740.5061
5,2,0,3,5,423695.6159
5,2,0,3,6,220181.5575
5,2,0,0,0,924277.823
5,2,0,0,1,812479.3255
5,2,0,0,2,539687.8937
5,2,0,0,3,506353.7428
5,2,0,0,4,105071.3086
5,2,0,0,5,253223.2667
5,2,0,0,6,749771.9786
5,2,1,1,0,798627.6149
5,2,1,1,1,675191.995
5,2,1,1,2,418711.4947
5,2,1,1,3,608088.3008
5,2,1,1,4,39714.65938
5,2,1,1,5,60175.35909
5,2,1,1,6,6753.84006
5,2,1,2,0,544041.1714
5,2,1,2,1,771847.505
5,2,1,2,2,665072.2312
5,2,1,2,3,988728.8709
5,2,1,2,4,897483.0336
5,2,1,2,5,90740.99448
5,2,1,2,6,868450.1711
5,2,1,3,0,810863.9083
5,2,1,3,1,17170.51927
5,2,1,3,2,218160.8918
5,2,1,3,3,605438.547
5,2,1,3,4,396754.7874
5,2,1,3,5,663733.3601
5,2,1,3,6,601577.8345
5,2,1,0,0,633109.3509
5,2,1,0,1,574935.6535
5,2,1,0,2,170311.7014
5,2,1,0,3,200361.0625
5,2,1,0,4,924025.3177
5,2,1,0,5,71909.66007
5,2,1,0,6,557181.6641
6,0,0,1,0,150192.5359
6,0,0,1,1,17575.40457
6,0,0,1,2,8903.927269
6,0,0,1,3,71102.58935
6,0,0,1,4,310859.1759
6,0,0,1,5,573757.3697
6,0,0,1,6,919713.0899
6,0,0,2,0,425783.4983
6,0,0,2,1,297307.1805
6,0,0,2,2,820355.5859
6,0,0,2,3,667347.4104
6,0,0,2,4,356781.0821
6,0,0,2,5,469818.9758
6,0,0,2,6,62002.05166
6,0,0,3,0,278803.3008
6,0,0,3,1,972304.4505
6,0,0,3,2,16399.87995
6,0,0,3,3,928396.7646
6,0,0,3,4,640125.2583
6,0,0,3,5,780816.9191
6,0,0,3,6,698938.5731
6,0,0,0,0,579003.4897
6,0,0,0,1,198030.0316
6,0,0,0,2,206988.5455
6,0,0,0,3,54431.0381
6,0,0,0,4,652825.482
6,0,0,0,5,299715.4034
6,0,0,0,6,869467.7557
6,0,1,1,0,843535.4717
6,0,1,1,1,354405.0383
6,0,1,1,2,569077.2701
6,0,1,1,3,887103.6989
6,0,1,1,4,320951.0967
6,0,1,1,5,700979.6027
6,0,1,1,6,765410.7636
6,0,1,2,0,4665.890287
6,0,1,2,1,465591.0484
6,0,1,2,2,620766.5387
6,0,1,2,3,899772.029
6,0,1,2,4,384771.0872
6,0,1,2,5,653245.8808
6,0,1,2,6,288637.543
6,0,1,3,0,994529.5947
6,0,1,3,1,499641.7729
6,0,1,3,2,380410.6997
6,0,1,3,3,812982.39
6,0,1,3,4,763235.3061
6,0,1,3,5,674484.4787
6,0,1,3,6,555175.6606
6,0,1,0,0,146351.7768
6,0,1,0,1,660796.3045
6,0,1,0,2,483690.5723
6,0,1,0,3,559556.0214
6,0,1,0,4,882506.7101
6,0,1,0,5,208031.7788
6,0,1,0,6,381725.6083
6,1,0,1,0,757364.4548
6,1,0,1,1,423792.3071
6,1,0,1,2,230048.8229
6,1,0,1,3,662488.1163
6,1,0,1,4,372705.2252
6,1,0,1,5,855291.9116
6,1,0,1,6,664474.0704
6,1,0,2,0,84082.12442
6,1,0,2,1,696395.6701
6,1,0,2,2,746006.9017
6,1,0,2,3,893428.9887
6,1,0,2,4,270362.2827
6,1,0,2,5,391098.0485
6,1,0,2,6,12346.9459
6,1,0,3,0,132238.189
6,1,0,3,1,306274.124
6,1,0,3,2,260670.1922
6,1,0,3,3,925503.8039
6,1,0,3,4,268212.0552
6,1,0,3,5,780926.3417
6,1,0,3,6,225221.1755
6,1,0,0,0,321821.357
6,1,0,0,1,684446.164
6,1,0,0,2,900495.7819
6,1,0,0,3,400583.4775
6,1,0,0,4,84063.7081
6,1,0,0,5,26431.63145
6,1,0,0,6,192480.2597
6,1,1,1,0,119390.9818
6,1,1,1,1,1521.508795
6,1,1,1,2,573372.3246
6,1,1,1,3,753477.9189
6,1,1,1,4,450677.6939
6,1,1,1,5,188186.8695
6,1,1,1,6,861456.1563
6,1,1,2,0,954586.3674
6,1,1,2,1,275889.199
6,1,1,2,2,340765.1339
6,1,1,2,3,472929.2508
6,1,1,2,4,11678.34979
6,1,1,2,5,261425.1992
6,1,1,2,6,252081.7113
6,1,1,3,0,452673.5268
6,1,1,3,1,852225.5909
6,1,1,3,2,131308.1835
6,1,1,3,3,160480.6362
6,1,1,3,4,643089.8072
6,1,1,3,5,266005.5506
6,1,1,3,6,488299.6501
6,1,1,0,0,712101.1787
6,1,1,0,1,338439.6568
6,1,1,0,2,413940.5206
6,1,1,0,3,57761.95892
6,1,1,0,4,540457.1235
6,1,1,0,5,51401.50382
6,1,1,0,6,387482.5986
6,2,0,1,0,635790.8309
6,2,0,1,1,726533.1827
6,2,0,1,2,857447.5069
6,2,0,1,3,660371.493
6,2,0,1,4,211619.07
6,2,0,1,5,692651.6244
6,2,0,1,6,736749.3333
6,2,0,2,0,955257.0943
6,2,0,2,1,704019.86
6,2,0,2,2,404651.1798
6,2,0,2,3,568672.904
6,2,0,2,4,259591.9855
6,2,0,2,5,502413.796
6,2,0,2,6,109459.7712
6,2,0,3,0,950523.3532
6,2,0,3,1,468363.6107
6,2,0,3,2,535610.4066
6,2,0,3,3,218931.2974
6,2,0,3,4,810053.0886
6,2,0,3,5,405649.6828
6,2,0,3,6,904591.8289
6,2,0,0,0,365855.9196
6,2,0,0,1,860347.4814
6,2,0,0,2,782644.7425
6,2,0,0,3,210472.7042
6,2,0,0,4,104342.3142
6,2,0,0,5,306054.4959
6,2,0,0,6,986719.2261
6,2,1,1,0,584746.5993
6,2,1,1,1,204309.4551
6,2,1,1,2,851525.3635
6,2,1,1,3,464237.3095
6,2,1,1,4,86156.46351
6,2,1,1,5,998614.5234
6,2,1,1,6,984286.0264
6,2,1,2,0,859273.1299
6,2,1,2,1,567002.616
6,2,1,2,2,781382.7735
6,2,1,2,3,711359.8628
6,2,1,2,4,1029.466223
6,2,1,2,5,331428.6566
6,2,1,2,6,827393.7951
6,2,1,3,0,411313.8593
6,2,1,3,1,294676.9289
6,2,1,3,2,909202.0101
6,2,1,3,3,204918.1549
6,2,1,3,4,231502.4269
6,2,1,3,5,63495.50176
6,2,1,3,6,50732.85062
6,2,1,0,0,188187.3669
6,2,1,0,1,507834.1468
6,2,1,0,2,914614.9897
6,2,1,0,3,612550.6713
6,2,1,0,4,740718.8459
6,2,1,0,5,13488.30716
6,2,1,0,6,256314.1205
7,0,0,1,0,347186.0699
7,0,0,1,1,237007.1483
7,0,0,1,2,453360.0809
7,0,0,1,3,681753.01
7,0,0,1,4,737379.8176
7,0,0,1,5,317631.2658
7,0,0,1,6,512614.2353
7,0,0,2,0,52176.90544
7,0,0,2,1,921769.5291
7,0,0,2,2,531617.2252
7,0,0,2,3,940579.1572
7,0,0,2,4,762043.8137
7,0,0,2,5,447679.9146
7,0,0,2,6,209934.2384
7,0,0,3,0,605314.496
7,0,0,3,1,849192.6721
7,0,0,3,2,56369.40355
7,0,0,3,3,835291.4468
7,0,0,3,4,189537.1651
7,0,0,3,5,325082.0826
7,0,0,3,6,957062.5398
7,0,0,0,0,25941.68226
7,0,0,0,1,215191.9341
7,0,0,0,2,343294.5869
7,0,0,0,3,78323.98476
7,0,0,0,4,134987.6247
7,0,0,0,5,381805.0783
7,0,0,0,6,598915.0446
7,0,1,1,0,598806.7739
7,0,1,1,1,381724.7871
7,0,1,1,2,782859.8254
7,0,1,1,3,657055.7062
7,0,1,1,4,654133.4865
7,0,1,1,5,377844.5168
7,0,1,1,6,424785.2484
7,0,1,2,0,745714.8104
7,0,1,2,1,492646.4498
7,0,1,2,2,888860.2202
7,0,1,2,3,614751.1442
7,0,1,2,4,916319.6364
7,0,1,2,5,509988.5876
7,0,1,2,6,679907.627
7,0,1,3,0,206312.7112
7,0,1,3,1,374718.6698
7,0,1,3,2,530954.1505
7,0,1,3,3,335110.3996
7,0,1,3,4,396051.3576
7,0,1,3,5,216052.2202
7,0,1,3,6,426774.1478
7,0,1,0,0,10990.50802
7,0,1,0,1,749708.4028
7,0,1,0,2,758843.9442
7,0,1,0,3,656978.6815
7,0,1,0,4,186942.1604
7,0,1,0,5,402910.9871
7,0,1,0,6,166820.9397
7,1,0,1,0,607204.3103
7,1,0,1,1,609577.4253
7,1,0,1,2,929440.266
7,1,0,1,3,71383.18866
7,1,0,1,4,657791.7355
7,1,0,1,5,792790.0085
7,1,0,1,6,199094.1972
7,1,0,2,0,463307.6366
7,1,0,2,1,762745.0462
7,1,0,2,2,631673.7349
7,1,0,2,3,657548.3519
7,1,0,2,4,209186.3048
7,1,0,2,5,944600.6182
7,1,0,2,6,915970.2348
7,1,0,3,0,852219.7013
7,1,0,3,1,166261.5016
7,1,0,3,2,517980.7367
7,1,0,3,3,787510.3781
7,1,0,3,4,700990.5161
7,1,0,3,5,18735.79824
7,1,0,3,6,43082.55239
7,1,0,0,0,476152.316
7,1,0,0,1,954750.119
7,1,0,0,2,639298.0584
7,1,0,0,3,980080.7335
7,1,0,0,4,970008.6136
7,1,0,0,5,540064.6714
7,1,0,0,6,991521.1358
7,1,1,1,0,766397.5987
7,1,1,1,1,628293.555
7,1,1,1,2,984886.232
7,1,1,1,3,331950.6866
7,1,1,1,4,571022.2645
7,1,1,1,5,128911.1437
7,1,1,1,6,928063.981
7,1,1,2,0,745118.9081
7,1,1,2,1,293535.7183
7,1,1,2,2,557943.259
7,1,1,2,3,792522.2334
7,1,1,2,4,850380.8024
7,1,1,2,5,470226.05
7,1,1,2,6,894486.1222
7,1,1,3,0,62321.21527
7,1,1,3,1,856384.6552
7,1,1,3,2,625654.7715
7,1,1,3,3,621823.1025
7,1,1,3,4,245418.2043
7,1,1,3,5,7152.921419
7,1,1,3,6,265260.6139
7,1,1,0,0,704710.0873
7,1,1,0,1,526798.4402
7,1,1,0,2,863162.8284
7,1,1,0,3,143065.4298
7,1,1,0,4,712589.2949
7,1,1,0,5,320746.1865
7,1,1,0,6,791481.1167
7,2,0,1,0,658271.7557
7,2,0,1,1,439836.2096
7,2,0,1,2,416378.5946
7,2,0,1,3,500920.9489
7,2,0,1,4,235519.2825
7,2,0,1,5,976683.3409
7,2,0,1,6,177166.0628
7,2,0,2,0,451352.5989
7,2,0,2,1,325793.4702
7,2,0,2,2,818253.9535
7,2,0,2,3,303014.6551
7,2,0,2,4,490714.6228
7,2,0,2,5,228456.3912
7,2,0,2,6,264177.3048
7,2,0,3,0,992587.4128
7,2,0,3,1,128935.2949
7,2,0,3,2,279596.2685
7,2,0,3,3,57546.63616
7,2,0,3,4,953893.2538
7,2,0,3,5,444888.9721
7,2,0,3,6,77868.68438
7,2,0,0,0,939520.0163
7,2,0,0,1,602773.6239
7,2,0,0,2,740675.1897
7,2,0,0,3,326229.5067
7,2,0,0,4,554652.8264
7,2,0,0,5,961768.4366
7,2,0,0,6,706923.4781
7,2,1,1,0,556435.1851
7,2,1,1,1,932090.435
7,2,1,1,2,225944.6841
7,2,1,1,3,43489.8838
7,2,1,1,4,472913.7724
7,2,1,1,5,589038.077
7,2,1,1,6,697622.4067
7,2,1,2,0,191825.9378
7,2,1,2,1,903585.5905
7,2,1,2,2,155464.3038
7,2,1,2,3,808534.617
7,2,1,2,4,78464.62939
7,2,1,2,5,377439.6166
7,2,1,2,6,302783.2504
7,2,1,3,0,245808.8305
7,2,1,3,1,543482.0452
7,2,1,3,2,162148.1887
7,2,1,3,3,674300.4674
7,2,1,3,4,777259.9789
7,2,1,3,5,433457.1409
7,2,1,3,6,189728.7462
7,2,1,0,0,461495.3596
7,2,1,0,1,231835.5695
7,2,1,0,2,175366.8581
7,2,1,0,3,674238.58
7,2,1,0,4,247753.1418
7,2,1,0,5,232655.7418
7,2,1,0,6,16017.06385
8,0,0,1,0,382714.3611
8,0,0,1,1,749947.6979
8,0,0,1,2,702942.6503
8,0,0,1,3,11024.19104
8,0,0,1,4,459045.4629
8,0,0,1,5,128316.2032
8,0,0,1,6,869234.5295
8,0,0,2,0,278026.9268
8,0,0,2,1,420196.2957
8,0,0,2,2,606355.0072
8,0,0,2,3,471632.0428
8,0,0,2,4,990720.4422
8,0,0,2,5,445169.378
8,0,0,2,6,245005.8978
8,0,0,3,0,157425.8041
8,0,0,3,1,83470.52616
8,0,0,3,2,359327.6862
8,0,0,3,3,849190.2433
8,0,0,3,4,582305.2159
8,0,0,3,5,660678.9319
8,0,0,3,6,780171.2015
8,0,0,0,0,149788.2397
8,0,0,0,1,572451.0548
8,0,0,0,2,660734.6685
8,0,0,0,3,735389.1595
8,0,0,0,4,600449.0821
8,0,0,0,5,811164.9161
8,0,0,0,6,411301.0737
8,0,1,1,0,689986.2114
8,0,1,1,1,356157.1776
8,0,1,1,2,905291.1593
8,0,1,1,3,330851.3442
8,0,1,1,4,326506.8996
8,0,1,1,5,259268.4348
8,0,1,1,6,359537.3953
8,0,1,2,0,180780.6283
8,0,1,2,1,610860.139
8,0,1,2,2,948769.9857
8,0,1,2,3,940902.4693
8,0,1,2,4,953085.5945
8,0,1,2,5,645970.8019
8,0,1,2,6,529805.1992
8,0,1,3,0,150771.1565
8,0,1,3,1,690517.2031
8,0,1,3,2,566463.5148
8,0,1,3,3,593045.9353
8,0,1,3,4,38837.44225
8,0,1,3,5,279276.302
8,0,1,3,6,259808.9176
8,0,1,0,0,757281.55
8,0,1,0,1,390868.8076
8,0,1,0,2,528735.4801
8,0,1,0,3,12840.3689
8,0,1,0,4,323634.8159
8,0,1,0,5,401426.5688
8,0,1,0,6,658335.2637
8,1,0,1,0,277274.6576
8,1,0,1,1,76102.86998
8,1,0,1,2,303007.9056
8,1,0,1,3,648715.9841
8,1,0,1,4,623847.7975
8,1,0,1,5,740660.9061
8,1,0,1,6,64677.41264
8,1,0,2,0,782311.4414
8,1,0,2,1,611902.6821
8,1,0,2,2,123954.9313
8,1,0,2,3,196107.329
8,1,0,2,4,98044.20906
8,1,0,2,5,739742.4034
8,1,0,2,6,492649.6424
8,1,0,3,0,897047.1924
8,1,0,3,1,415426.3663
8,1,0,3,2,860789.88
8,1,0,3,3,325785.9874
8,1,0,3,4,277595.2181
8,1,0,3,5,45283.92267
8,1,0,3,6,451569.9196
8,1,0,0,0,175042.1313
8,1,0,0,1,141245.2641
8,1,0,0,2,297486.886
8,1,0,0,3,899757.9064
8,1,0,0,4,1580.720534
8,1,0,0,5,870534.8939
8,1,0,0,6,420481.0116
8,1,1,1,0,544014.451
8,1,1,1,1,23204.62596
8,1,1,1,2,284221.4809
8,1,1,1,3,663081.729
8,1,1,1,4,542053.0195
8,1,1,1,5,801831.6696
8,1,1,1,6,945264.8763
8,1,1,2,0,735904.1873
8,1,1,2,1,769363.3059
8,1,1,2,2,28838.82096
8,1,1,2,3,290496.9745
8,1,1,2,4,67967.96297
8,1,1,2,5,858240.067
8,1,1,2,6,224614.7908
8,1,1,3,0,125709.4211
8,1,1,3,1,903428.7736
8,1,1,3,2,175243.8752
8,1,1,3,3,358699.1397
8,1,1,3,4,483993.4022
8,1,1,3,5,464053.5773
8,1,1,3,6,4946.263675
8,1,1,0,0,218175.2907
8,1,1,0,1,580515.5549
8,1,1,0,2,114969.7531
8,1,1,0,3,458788.7478
8,1,1,0,4,204523.5619
8,1,1,0,5,613517.0167
8,1,1,0,6,714382.6596
8,2,0,1,0,660111.6193
8,2,0,1,1,122929.8555
8,2,0,1,2,459173.168
8,2,0,1,3,102370.496
8,2,0,1,4,569885.1243
8,2,0,1,5,443084.0074
8,2,0,1,6,887053.6861
8,2,0,2,0,989529.0472
8,2,0,2,1,412401.6966
8,2,0,2,2,456791.7654
8,2,0,2,3,783274.1521
8,2,0,2,4,343153.1025
8,2,0,2,5,36165.26221
8,2,0,2,6,735262.5803
8,2,0,3,0,10031.34737
8,2,0,3,1,736805.1993
8,2,0,3,2,702439.4291
8,2,0,3,3,297724.9378
8,2,0,3,4,953067.0913
8,2,0,3,5,28537.02689
8,2,0,3,6,732393.604
8,2,0,0,0,943060.0082
8,2,0,0,1,512705.8032
8,2,0,0,2,163691.9535
8,2,0,0,3,163511.9125
8,2,0,0,4,267433.1695
8,2,0,0,5,279463.4411
8,2,0,0,6,860131.9389
8,2,1,1,0,66907.28482
8,2,1,1,1,993442.3797
8,2,1,1,2,901826.5045
8,2,1,1,3,426895.9817
8,2,1,1,4,459408.5475
8,2,1,1,5,370091.0625
8,2,1,1,6,201651.7404
8,2,1,2,0,991711.0637
8,2,1,2,1,807766.0511
8,2,1,2,2,567932.6124
8,2,1,2,3,421738.2634
8,2,1,2,4,968440.8074
8,2,1,2,5,967046.8572
8,2,1,2,6,190022.4656
8,2,1,3,0,100475.9624
8,2,1,3,1,682471.4122
8,2,1,3,2,21267.99546
8,2,1,3,3,246852.6422
8,2,1,3,4,460075.1608
8,2,1,3,5,690197.7322
8,2,1,3,6,901542.1127
8,2,1,0,0,202233.1292
8,2,1,0,1,867734.186
8,2,1,0,2,478187.2094
8,2,1,0,3,845487.0882
8,2,1,0,4,987122.953
8,2,1,0,5,883203.2111
8,2,1,0,6,908263.0914
9,0,0,1,0,731376.9926
9,0,0,1,1,199703.52
9,0,0,1,2,641554.1168
9,0,0,1,3,986662.3428
9,0,0,1,4,71489.11133
9,0,0,1,5,62525.28069
9,0,0,1,6,836567.6667
9,0,0,2,0,278587.8215
9,0,0,2,1,981327.6839
9,0,0,2,2,91348.1414
9,0,0,2,3,368001.2741
9,0,0,2,4,563888.6109
9,0,0,2,5,754881.9522
9,0,0,2,6,845335.0878
9,0,0,3,0,795101.3116
9,0,0,3,1,135265.7975
9,0,0,3,2,770802.5262
9,0,0,3,3,574547.5525
9,0,0,3,4,99076.55962
9,0,0,3,5,477315.8071
9,0,0,3,6,330356.6637
9,0,0,0,0,58229.84472
9,0,0,0,1,898850.1539
9,0,0,0,2,932887.0178
9,0,0,0,3,685249.553
9,0,0,0,4,436159.5586
9,0,0,0,5,187259.1376
9,0,0,0,6,362639.5626
9,0,1,1,0,951875.507
9,0,1,1,1,375379.4532
9,0,1,1,2,858972.6505
9,0,1,1,3,734362.1342
9,0,1,1,4,828289.0686
9,0,1,1,5,485915.5047
9,0,1,1,6,786750.8697
9,0,1,2,0,40514.00605
9,0,1,2,1,31163.19769
9,0,1,2,2,501625.0922
9,0,1,2,3,969268.5983
9,0,1,2,4,935624.2611
9,0,1,2,5,152227.6236
9,0,1,2,6,376108.078
9,0,1,3,0,321578.9445
9,0,1,3,1,9594.453739
9,0,1,3,2,197157.6097
9,0,1,3,3,108652.6082
9,0,1,3,4,8394.206377
9,0,1,3,5,668614.6007
9,0,1,3,6,414609.5184
9,0,1,0,0,811476.9607
9,0,1,0,1,830712.3405
9,0,1,0,2,182317.346
9,0,1,0,3,149076.2236
9,0,1,0,4,257066.8994
9,0,1,0,5,67919.32479
9,0,1,0,6,573957.9135
9,1,0,1,0,358462.2664
9,1,0,1,1,903198.4198
9,1,0,1,2,350348.9338
9,1,0,1,3,679822.9929
9,1,0,1,4,125754.5823
9,1,0,1,5,183273.2601
9,1,0,1,6,591383.3085
9,1,0,2,0,884734.2444
9,1,0,2,1,963892.0628
9,1,0,2,2,670885.1353
9,1,0,2,3,743529.1511
9,1,0,2,4,752427.7417
9,1,0,2,5,963912.8532
9,1,0,2,6,580072.3218
9,1,0,3,0,159505.6643
9,1,0,3,1,12753.07683
9,1,0,3,2,868685.6087
9,1,0,3,3,946502.6023
9,1,0,3,4,637232.5975
9,1,0,3,5,142051.6732
9,1,0,3,6,968007.0214
9,1,0,0,0,749874.4297
9,1,0,0,1,806707.5474
9,1,0,0,2,78736.15195
9,1,0,0,3,305574.6145
9,1,0,0,4,184108.2205
9,1,0,0,5,377113.7476
9,1,0,0,6,453008.1781
9,1,1,1,0,64320.65722
9,1,1,1,1,259440.0086
9,1,1,1,2,904100.9049
9,1,1,1,3,77815.25281
9,1,1,1,4,153818.994
9,1,1,1,5,929319.3694
9,1,1,1,6,160033.2553
9,1,1,2,0,347561.4993
9,1,1,2,1,961953.7882
9,1,1,2,2,975052.0044
9,1,1,2,3,894100.7449
9,1,1,2,4,621751.2279
9,1,1,2,5,952765.3498
9,1,1,2,6,952416.8743
9,1,1,3,0,754540.5312
9,1,1,3,1,632658.6421
9,1,1,3,2,293364.8874
9,1,1,3,3,607026.7531
9,1,1,3,4,411817.5133
9,1,1,3,5,449280.2932
9,1,1,3,6,975036.6364
9,1,1,0,0,298989.7947
9,1,1,0,1,469464.7462
9,1,1,0,2,554241.8805
9,1,1,0,3,957122.3663
9,1,1,0,4,142469.4303
9,1,1,0,5,578385.3184
9,1,1,0,6,145994.2369
9,2,0,1,0,707009.5771
9,2,0,1,1,762028.1129
9,2,0,1,2,280769.5468
9,2,0,1,3,865548.0453
9,2,0,1,4,135521.8447
9,2,0,1,5,795180.3965
9,2,0,1,6,501382.5017
9,2,0,2,0,765160.4396
9,2,0,2,1,334235.7145
9,2,0,2,2,529369.2767
9,2,0,2,3,276828.4819
9,2,0,2,4,485800.8897
9,2,0,2,5,709725.3253
9,2,0,2,6,351618.717
9,2,0,3,0,267500.8228
9,2,0,3,1,290888.0434
9,2,0,3,2,79462.81233
9,2,0,3,3,10405.21031
9,2,0,3,4,832276.837
9,2,0,3,5,815702.7101
9,2,0,3,6,45078.597
9,2,0,0,0,41828.95706
9,2,0,0,1,962619.2143
9,2,0,0,2,135046.772
9,2,0,0,3,490912.4659
9,2,0,0,4,95955.62125
9,2,0,0,5,170596.662
9,2,0,0,6,26131.68885
9,2,1,1,0,369263.152
9,2,1,1,1,314237.6861
9,2,1,1,2,504438.8126
9,2,1,1,3,109344.1452
9,2,1,1,4,28470.21454
9,2,1,1,5,355214.1507
9,2,1,1,6,225590.6917
9,2,1,2,0,886450.8324
9,2,1,2,1,215938.7987
9,2,1,2,2,143225.9188
9,2,1,2,3,322835.1398
9,2,1,2,4,563967.8966
9,2,1,2,5,545444.7356
9,2,1,2,6,923673.5895
9,2,1,3,0,961901.8221
9,2,1,3,1,948835.2312
9,2,1,3,2,656533.2475
9,2,1,3,3,748383.458
9,2,1,3,4,173083.8519
9,2,1,3,5,634199.4195
9,2,1,3,6,513551.974
9,2,1,0,0,85936.13317
9,2,1,0,1,564734.2648
9,2,1,0,2,155023.3736
9,2,1,0,3,292834.9194
9,2,1,0,4,854351.8954
9,2,1,0,5,617116.233
9,2,1,0,6,786404.7441
10,0,0,1,0,88780.67479
10,0,0,1,1,807315.4582
10,0,0,1,2,158932.4982
10,0,0,1,3,181899.263
10,0,0,1,4,233045.2318
10,0,0,1,5,870162.1085
10,0,0,1,6,957960.8295
10,0,0,2,0,104809.1773
10,0,0,2,1,365795.4194
10,0,0,2,2,718136.286
10,0,0,2,3,967574.5045
10,0,0,2,4,92311.13672
10,0,0,2,5,523946.604
10,0,0,2,6,616972.5417
10,0,0,3,0,662527.2769
10,0,0,3,1,10461.80079
10,0,0,3,2,418533.7143
10,0,0,3,3,304638.0315
10,0,0,3,4,70235.29805
10,0,0,3,5,107533.469
10,0,0,3,6,761842.459
10,0,0,0,0,483114.7857
10,0,0,0,1,557888.601
10,0,0,0,2,353796.3711
10,0,0,0,3,974652.9424
10,0,0,0,4,310388.8062
10,0,0,0,5,171077.2566
10,0,0,0,6,567778.0646
10,0,1,1,0,854925.3822
10,0,1,1,1,135352.5136
10,0,1,1,2,336218.561
10,0,1,1,3,72194.42055
10,0,1,1,4,821483.7928
10,0,1,1,5,602115.7538
10,0,1,1,6,36923.17957
10,0,1,2,0,397160.9469
10,0,1,2,1,159729.8405
10,0,1,2,2,165259.8786
10,0,1,2,3,153539.6972
10,0,1,2,4,853957.2002
10,0,1,2,5,291146.3292
10,0,1,2,6,3858.263944
10,0,1,3,0,515468.6815
10,0,1,3,1,639530.8555
10,0,1,3,2,464325.5548
10,0,1,3,3,299625.9885
10,0,1,3,4,357438.8973
10,0,1,3,5,500092.5098
10,0,1,3,6,422484.8002
10,0,1,0,0,853350.1399
10,0,1,0,1,293789.8671
10,0,1,0,2,881565.9444
10,0,1,0,3,540907.8336
10,0,1,0,4,53791.43749
10,0,1,0,5,628906.4341
10,0,1,0,6,925322.7796
10,1,0,1,0,647477.52
10,1,0,1,1,284537.0487
10,1,0,1,2,807302.7842
10,1,0,1,3,629544.7565
10,1,0,1,4,240441.2795
10,1,0,1,5,956823.1736
10,1,0,1,6,73454.72949
10,1,0,2,0,989720.4577
10,1,0,2,1,99778.30535
10,1,0,2,2,490135.4708
10,1,0,2,3,959330.6681
10,1,0,2,4,956197.7765
10,1,0,2,5,352012.768
10,1,0,2,6,727434.0775
10,1,0,3,0,46673.25331
10,1,0,3,1,602377.2519
10,1,0,3,2,893045.2533
10,1,0,3,3,468139.3232
10,1,0,3,4,561435.4073
10,1,0,3,5,984045.7034
10,1,0,3,6,699550.162
10,1,0,0,0,29553.25638
10,1,0,0,1,749375.6244
10,1,0,0,2,788513.2003
10,1,0,0,3,966713.574
10,1,0,0,4,6180.7466
10,1,0,0,5,654669.4436
10,1,0,0,6,21631.02053
10,1,1,1,0,198563.2637
10,1,1,1,1,686453.7619
10,1,1,1,2,877495.2555
10,1,1,1,3,661431.9766
10,1,1,1,4,346868.3333
10,1,1,1,5,907650.9409
10,1,1,1,6,121904.2629
10,1,1,2,0,419048.5799
10,1,1,2,1,845562.6734
10,1,1,2,2,482343.4025
10,1,1,2,3,861885.9011
10,1,1,2,4,490728.6498
10,1,1,2,5,919873.721
10,1,1,2,6,713487.771
10,1,1,3,0,251391.8594
10,1,1,3,1,459182.0253
10,1,1,3,2,862813.2391
10,1,1,3,3,930325.2618
10,1,1,3,4,483183.0385
10,1,1,3,5,308156.0892
10,1,1,3,6,66414.82575
10,1,1,0,0,423535.7807
10,1,1,0,1,161715.3675
10,1,1,0,2,851051.8373
10,1,1,0,3,471078.2676
10,1,1,0,4,635634.2105
10,1,1,0,5,896882.6579
10,1,1,0,6,742556.3614
10,2,0,1,0,753608.2283
10,2,0,1,1,971385.6422
10,2,0,1,2,248284.9692
10,2,0,1,3,641681.5783
10,2,0,1,4,13010.69823
10,2,0,1,5,133055.4068
10,2,0,1,6,353793.6834
10,2,0,2,0,25263.27125
10,2,0,2,1,932837.7875
10,2,0,2,2,456598.3589
10,2,0,2,3,61535.66427
10,2,0,2,4,612888.3229
10,2,0,2,5,399847.4287
10,2,0,2,6,327431.2734
10,2,0,3,0,151019.921
10,2,0,3,1,357382.3722
10,2,0,3,2,340971.6565
10,2,0,3,3,388221.4349
10,2,0,3,4,276982.8113
10,2,0,3,5,479403.8435
10,2,0,3,6,104063.1831
10,2,0,0,0,916163.0269
10,2,0,0,1,598628.2252
10,2,0,0,2,80354.72539
10,2,0,0,3,52617.01435
10,2,0,0,4,443502.5009
10,2,0,0,5,667291.8407
10,2,0,0,6,454732.3658
10,2,1,1,0,170640.0896
10,2,1,1,1,422613.0932
10,2,1,1,2,37159.01304
10,2,1,1,3,341210.4111
10,2,1,1,4,381068.5878
10,2,1,1,5,495707.0799
10,2,1,1,6,236518.5158
10,2,1,2,0,1151.619926
10,2,1,2,1,969609.2281
10,2,1,2,2,719314.7589
10,2,1,2,3,191135.077
10,2,1,2,4,193918.5119
10,2,1,2,5,975607.218
10,2,1,2,6,914946.5425
10,2,1,3,0,926675.5864
10,2,1,3,1,830263.0544
10,2,1,3,2,662520.3407
10,2,1,3,3,169895.1021
10,2,1,3,4,393725.3712
10,2,1,3,5,328239.2365
10,2,1,3,6,212804.8968
10,2,1,0,0,395922.5987
10,2,1,0,1,556782.5737
10,2,1,0,2,470497.7371
10,2,1,0,3,605496.1513
10,2,1,0,4,768617.4858
10,2,1,0,5,467719.8637
10,2,1,0,6,867485.015
11,0,0,1,0,229492.2663
11,0,0,1,1,816494.5029
11,0,0,1,2,904554.7634
11,0,0,1,3,967983.9076
11,0,0,1,4,161527.2543
11,0,0,1,5,906450.126
11,0,0,1,6,297971.4057
11,0,0,2,0,926596.271
11,0,0,2,1,195045.1485
11,0,0,2,2,880975.4021
11,0,0,2,3,90887.30414
11,0,0,2,4,537182.8018
11,0,0,2,5,644664.117
11,0,0,2,6,642566.6247
11,0,0,3,0,380461.5384
11,0,0,3,1,871938.6958
11,0,0,3,2,670645.897
11,0,0,3,3,552063.6968
11,0,0,3,4,677291.2843
11,0,0,3,5,227698.6169
11,0,0,3,6,368762.1633
11,0,0,0,0,610184.9247
11,0,0,0,1,883145.704
11,0,0,0,2,474227.586
11,0,0,0,3,153176.3985
11,0,0,0,4,525316.1367
11,0,0,0,5,136437.5582
11,0,0,0,6,923669.1547
11,0,1,1,0,23436.40059
11,0,1,1,1,935650.9888
11,0,1,1,2,3734.683869
11,0,1,1,3,395986.1989
11,0,1,1,4,151398.4797
11,0,1,1,5,250068.527
11,0,1,1,6,605964.7546
11,0,1,2,0,242143.2126
11,0,1,2,1,849881.893
11,0,1,2,2,799673.1004
11,0,1,2,3,659568.4243
11,0,1,2,4,704943.8864
11,0,1,2,5,392078.1353
11,0,1,2,6,250710.492
11,0,1,3,0,85707.76945
11,0,1,3,1,146851.0605
11,0,1,3,2,339215.9244
11,0,1,3,3,519613.6916
11,0,1,3,4,794738.0817
11,0,1,3,5,354780.4928
11,0,1,3,6,3710.117891
11,0,1,0,0,752220.5081
11,0,1,0,1,488502.778
11,0,1,0,2,343774.2867
11,0,1,0,3,425998.6543
11,0,1,0,4,281744.1421
11,0,1,0,5,839613.1395
11,0,1,0,6,824623.0687
11,1,0,1,0,775498.491
11,1,0,1,1,863867.3906
11,1,0,1,2,204725.2711
11,1,0,1,3,774921.1075
11,1,0,1,4,399588.0413
11,1,0,1,5,902369.4905
11,1,0,1,6,107929.4526
11,1,0,2,0,358701.4971
11,1,0,2,1,839250.0671
11,1,0,2,2,824984.5891
11,1,0,2,3,90717.23353
11,1,0,2,4,776713.6532
11,1,0,2,5,5985.697212
11,1,0,2,6,246728.8682
11,1,0,3,0,166594.5716
11,1,0,3,1,497568.7787
11,1,0,3,2,371836.653
11,1,0,3,3,66723.42278
11,1,0,3,4,41259.66168
11,1,0,3,5,719393.0638
11,1,0,3,6,462829.5286
11,1,0,0,0,184578.1727
11,1,0,0,1,463366.6122
11,1,0,0,2,842292.7886
11,1,0,0,3,165882.2543
11,1,0,0,4,93691.69309
11,1,0,0,5,556246.9046
11,1,0,0,6,193849.1854
11,1,1,1,0,360189.6851
11,1,1,1,1,211360.9901
11,1,1,1,2,747562.9258
11,1,1,1,3,243025.2744
11,1,1,1,4,166331.7385
11,1,1,1,5,439383.5746
11,1,1,1,6,961718.6759
11,1,1,2,0,62280.66014
11,1,1,2,1,669823.9648
11,1,1,2,2,113874.3068
11,1,1,2,3,68954.75397
11,1,1,2,4,853354.6457
11,1,1,2,5,320557.1286
11,1,1,2,6,199307.54
11,1,1,3,0,195406.4212
11,1,1,3,1,939091.8525
11,1,1,3,2,335548.9631
11,1,1,3,3,309334.9547
11,1,1,3,4,390004.2799
11,1,1,3,5,741848.6616
11,1,1,3,6,339657.6318
11,1,1,0,0,895718.0508
11,1,1,0,1,316950.0595
11,1,1,0,2,918432.9038
11,1,1,0,3,167383.1677
11,1,1,0,4,736753.2896
11,1,1,0,5,96600.02853
11,1,1,0,6,2193.305057
11,2,0,1,0,218609.8222
11,2,0,1,1,677857.6271
11,2,0,1,2,152941.3153
11,2,0,1,3,614789.0515
11,2,0,1,4,12118.29435
11,2,0,1,5,429520.1317
11,2,0,1,6,942447.274
11,2,0,2,0,553334.1811
11,2,0,2,1,612924.2085
11,2,0,2,2,111615.4819
11,2,0,2,3,736949.9934
11,2,0,2,4,833025.4983
11,2,0,2,5,422975.0287
11,2,0,2,6,148113.5191
11,2,0,3,0,212269.2942
11,2,0,3,1,71026.48251
11,2,0,3,2,419464.3887
11,2,0,3,3,62508.65716
11,2,0,3,4,454689.4507
11,2,0,3,5,434294.1982
11,2,0,3,6,300999.6838
11,2,0,0,0,701831.1308
11,2,0,0,1,138976.0499
11,2,0,0,2,742199.9573
11,2,0,0,3,159084.9264
11,2,0,0,4,425892.4187
11,2,0,0,5,54477.44787
11,2,0,0,6,214208.5551
11,2,1,1,0,230857.5446
11,2,1,1,1,838454.9244
11,2,1,1,2,859956.269
11,2,1,1,3,783545.1209
11,2,1,1,4,8744.530942
11,2,1,1,5,708305.8704
11,2,1,1,6,933148.6241
11,2,1,2,0,859692.5846
11,2,1,2,1,483679.6703
11,2,1,2,2,830754.3139
11,2,1,2,3,447649.4614
11,2,1,2,4,915726.7994
11,2,1,2,5,580750.4004
11,2,1,2,6,713858.9277
11,2,1,3,0,357574.9817
11,2,1,3,1,300910.5456
11,2,1,3,2,909619.066
11,2,1,3,3,138733.6645
11,2,1,3,4,799553.7935
11,2,1,3,5,234631.4618
11,2,1,3,6,796790.3166
11,2,1,0,0,839567.1369
11,2,1,0,1,531950.4367
11,2,1,0,2,24683.40435
11,2,1,0,3,192772.5863
11,2,1,0,4,776530.885
11,2,1,0,5,422826.4587
11,2,1,0,6,171054.4045
12,0,0,1,0,454408.4629
12,0,0,1,1,733540.5348
12,0,0,1,2,670995.799
12,0,0,1,3,165798.471
12,0,0,1,4,191124.8612
12,0,0,1,5,262873.1256
12,0,0,1,6,398632.4063
12,0,0,2,0,480233.2254
12,0,0,2,1,333581.3832
12,0,0,2,2,319932.6997
12,0,0,2,3,489240.4268
12,0,0,2,4,442618.1653
12,0,0,2,5,334170.346
12,0,0,2,6,283995.7732
12,0,0,3,0,61397.87882
12,0,0,3,1,452633.7014
12,0,0,3,2,941050.328
12,0,0,3,3,444556.3882
12,0,0,3,4,766536.8634
12,0,0,3,5,253394.4503
12,0,0,3,6,300869.9137
12,0,0,0,0,447931.1617
12,0,0,0,1,178125.1346
12,0,0,0,2,787394.2622
12,0,0,0,3,240066.1906
12,0,0,0,4,645071.7533
12,0,0,0,5,899964.4729
12,0,0,0,6,499695.1508
12,0,1,1,0,450598.2313
12,0,1,1,1,759073.122
12,0,1,1,2,662924.2459
12,0,1,1,3,819835.5675
12,0,1,1,4,963203.1513
12,0,1,1,5,799653.7394
12,0,1,1,6,602278.598
12,0,1,2,0,953348.2137
12,0,1,2,1,729737.9298
12,0,1,2,2,691923.633
12,0,1,2,3,111918.6267
12,0,1,2,4,44441.15037
12,0,1,2,5,355897.6885
12,0,1,2,6,658044.7316
12,0,1,3,0,157061.3978
12,0,1,3,1,233310.3559
12,0,1,3,2,26577.15995
12,0,1,3,3,992927.8851
12,0,1,3,4,693680.1113
12,0,1,3,5,124715.6122
12,0,1,3,6,448368.6494
12,0,1,0,0,508898.5551
12,0,1,0,1,890730.4492
12,0,1,0,2,708866.2386
12,0,1,0,3,197166.5792
12,0,1,0,4,589304.0094
12,0,1,0,5,180350.3662
12,0,1,0,6,831326.3683
12,1,0,1,0,203575.1209
12,1,0,1,1,487322.3425
12,1,0,1,2,771561.7987
12,1,0,1,3,895564.5189
12,1,0,1,4,234792.0129
12,1,0,1,5,233773.6417
12,1,0,1,6,154604.3592
12,1,0,2,0,599935.4368
12,1,0,2,1,138868.1143
12,1,0,2,2,276522.4315
12,1,0,2,3,295882.9909
12,1,0,2,4,160296.8637
12,1,0,2,5,305719.1258
12,1,0,2,6,764099.525
12,1,0,3,0,677612.3917
12,1,0,3,1,650127.4274
12,1,0,3,2,268992.1854
12,1,0,3,3,207460.4459
12,1,0,3,4,71593.25723
12,1,0,3,5,801926.4483
12,1,0,3,6,623866.3389
12,1,0,0,0,106336.7562
12,1,0,0,1,953156.9926
12,1,0,0,2,856839.9316
12,1,0,0,3,468093.6224
12,1,0,0,4,10425.84856
12,1,0,0,5,759166.1615
12,1,0,0,6,823871.7939
12,1,1,1,0,387062.1715
12,1,1,1,1,400703.2937
12,1,1,1,2,773060.8743
12,1,1,1,3,815702.5519
12,1,1,1,4,598391.2111
12,1,1,1,5,722431.3951
12,1,1,1,6,280291.7154
12,1,1,2,0,965052.6385
12,1,1,2,1,247543.2663
12,1,1,2,2,878976.6972
12,1,1,2,3,779082.0182
12,1,1,2,4,793690.9898
12,1,1,2,5,3165.577768
12,1,1,2,6,504337.5025
12,1,1,3,0,454313.7281
12,1,1,3,1,805603.7467
12,1,1,3,2,39349.61135
12,1,1,3,3,372322.7812
12,1,1,3,4,826432.4398
12,1,1,3,5,506502.2421
12,1,1,3,6,211723.9885
12,1,1,0,0,371611.7133
12,1,1,0,1,472618.9941
12,1,1,0,2,13763.06197
12,1,1,0,3,735272.6298
12,1,1,0,4,578462.7018
12,1,1,0,5,984076.6786
12,1,1,0,6,914057.3183
12,2,0,1,0,953996.287
12,2,0,1,1,92630.02355
12,2,0,1,2,871134.1214
12,2,0,1,3,50340.45877
12,2,0,1,4,856013.0301
12,2,0,1,5,467084.6707
12,2,0,1,6,956966.3034
12,2,0,2,0,475537.506
12,2,0,2,1,832418.4695
12,2,0,2,2,758425.6522
12,2,0,2,3,911086.7892
12,2,0,2,4,897173.265
12,2,0,2,5,804204.3485
12,2,0,2,6,452406.5994
12,2,0,3,0,965366.7972
12,2,0,3,1,555360.71
12,2,0,3,2,248760.0769
12,2,0,3,3,777791.9212
12,2,0,3,4,528187.3051
12,2,0,3,5,625974.8806
12,2,0,3,6,845958.2202
12,2,0,0,0,211795.7281
12,2,0,0,1,366432.896
12,2,0,0,2,921503.9433
12,2,0,0,3,433551.8366
12,2,0,0,4,301645.4444
12,2,0,0,5,260386.7663
12,2,0,0,6,873982.6997
12,2,1,1,0,712588.197
12,2,1,1,1,279351.8905
12,2,1,1,2,553188.6499
12,2,1,1,3,527578.2786
12,2,1,1,4,675769.4281
12,2,1,1,5,330555.735
12,2,1,1,6,814368.194
12,2,1,2,0,542811.6102
12,2,1,2,1,45167.85801
12,2,1,2,2,793360.0898
12,2,1,2,3,916068.6904
12,2,1,2,4,20062.39325
12,2,1,2,5,100429.9924
12,2,1,2,6,9347.555703
12,2,1,3,0,180926.8794
12,2,1,3,1,286919.2849
12,2,1,3,2,154579.635
12,2,1,3,3,26519.22352
12,2,1,3,4,902176.6814
12,2,1,3,5,662101.2148
12,2,1,3,6,591757.4585
12,2,1,0,0,862682.4133
12,2,1,0,1,459396.0177
12,2,1,0,2,608089.6055
12,2,1,0,3,819710.6594
12,2,1,0,4,577852.7435
12,2,1,0,5,457417.2659
12,2,1,0,6,615275.6153
13,0,0,1,0,709572.9727
13,0,0,1,1,975525.1549
13,0,0,1,2,801274.0867
13,0,0,1,3,622340.2779
13,0,0,1,4,96451.91028
13,0,0,1,5,355207.859
13,0,0,1,6,386657.8818
13,0,0,2,0,770749.6539
13,0,0,2,1,696566.6758
13,0,0,2,2,372402.0768
13,0,0,2,3,133210.1131
13,0,0,2,4,815661.165
13,0,0,2,5,360156.6341
13,0,0,2,6,727249.239
13,0,0,3,0,417076.5873
13,0,0,3,1,571201.3826
13,0,0,3,2,924106.9874
13,0,0,3,3,99356.95651
13,0,0,3,4,569503.1257
13,0,0,3,5,354989.3151
13,0,0,3,6,54214.63768
13,0,0,0,0,473853.6361
13,0,0,0,1,999852.1125
13,0,0,0,2,514943.767
13,0,0,0,3,374243.916
13,0,0,0,4,762510.8754
13,0,0,0,5,674271.9613
13,0,0,0,6,770827.1128
13,0,1,1,0,867398.5357
13,0,1,1,1,413811.7248
13,0,1,1,2,135352.5676
13,0,1,1,3,283641.6693
13,0,1,1,4,5562.325728
13,0,1,1,5,527132.3545
13,0,1,1,6,983451.7752
13,0,1,2,0,77909.73451
13,0,1,2,1,312638.2342
13,0,1,2,2,838743.0748
13,0,1,2,3,756978.8542
13,0,1,2,4,685031.2611
13,0,1,2,5,100541.5803
13,0,1,2,6,831124.1699
13,0,1,3,0,446773.4147
13,0,1,3,1,650328.2074
13,0,1,3,2,929879.7835
13,0,1,3,3,132131.1267
13,0,1,3,4,458818.9789
13,0,1,3,5,852048.2352
13,0,1,3,6,942077.8451
13,0,1,0,0,316832.5873
13,0,1,0,1,699882.0878
13,0,1,0,2,417514.2306
13,0,1,0,3,585685.0383
13,0,1,0,4,202383.6381
13,0,1,0,5,602270.0527
13,0,1,0,6,389770.8949
13,1,0,1,0,416825.1033
13,1,0,1,1,735085.9869
13,1,0,1,2,326751.2126
13,1,0,1,3,197492.9928
13,1,0,1,4,592228.3561
13,1,0,1,5,608825.681
13,1,0,1,6,86783.3783
13,1,0,2,0,411584.3637
13,1,0,2,1,393011.4722
13,1,0,2,2,825368.3719
13,1,0,2,3,522548.1377
13,1,0,2,4,233810.5672
13,1,0,2,5,618346.3454
13,1,0,2,6,509530.5177
13,1,0,3,0,319889.506
13,1,0,3,1,655972.4326
13,1,0,3,2,970386.6598
13,1,0,3,3,426034.6637
13,1,0,3,4,817107.6729
13,1,0,3,5,252541.5462
13,1,0,3,6,615297.2019
13,1,0,0,0,809895.6389
13,1,0,0,1,171659.4874
13,1,0,0,2,125342.8635
13,1,0,0,3,949957.1548
13,1,0,0,4,318473.6437
13,1,0,0,5,769169.785
13,1,0,0,6,605783.7718
13,1,1,1,0,229885.8145
13,1,1,1,1,140869.2959
13,1,1,1,2,948758.0819
13,1,1,1,3,938292.8373
13,1,1,1,4,121165.1772
13,1,1,1,5,559124.8257
13,1,1,1,6,791537.7765
13,1,1,2,0,318045.8609
13,1,1,2,1,427610.6658
13,1,1,2,2,545734.313
13,1,1,2,3,673245.8093
13,1,1,2,4,336720.4022
13,1,1,2,5,214167.8251
13,1,1,2,6,303255.6919
13,1,1,3,0,517312.9249
13,1,1,3,1,101934.374
13,1,1,3,2,298489.1932
13,1,1,3,3,4355.235608
13,1,1,3,4,201285.5353
13,1,1,3,5,39188.55975
13,1,1,3,6,614872.4826
13,1,1,0,0,374405.4208
13,1,1,0,1,367362.3524
13,1,1,0,2,659546.216
13,1,1,0,3,268217.3436
13,1,1,0,4,173795.1881
13,1,1,0,5,966910.3422
13,1,1,0,6,381947.9096
13,2,0,1,0,190384.8434
13,2,0,1,1,83401.33941
13,2,0,1,2,229175.7686
13,2,0,1,3,835973.0794
13,2,0,1,4,187320.1608
13,2,0,1,5,974208.5061
13,2,0,1,6,386008.4248
13,2,0,2,0,939024.2601
13,2,0,2,1,822525.8443
13,2,0,2,2,50854.3383
13,2,0,2,3,407267.7012
13,2,0,2,4,441323.868
13,2,0,2,5,20949.08623
13,2,0,2,6,898915.5539
13,2,0,3,0,205681.7091
13,2,0,3,1,562777.4622
13,2,0,3,2,497073.5881
13,2,0,3,3,37039.62411
13,2,0,3,4,255281.4894
13,2,0,3,5,807671.4881
13,2,0,3,6,111982.5792
13,2,0,0,0,177565.8884
13,2,0,0,1,334134.2417
13,2,0,0,2,36337.67022
13,2,0,0,3,46386.66334
13,2,0,0,4,33068.93682
13,2,0,0,5,149951.1257
13,2,0,0,6,397330.0866
13,2,1,1,0,240086.2684
13,2,1,1,1,171296.1283
13,2,1,1,2,936246.4732
13,2,1,1,3,779325.2375
13,2,1,1,4,893065.2131
13,2,1,1,5,117260.4944
13,2,1,1,6,717077.1394
13,2,1,2,0,28869.27893
13,2,1,2,1,949388.7568
13,2,1,2,2,628788.594
13,2,1,2,3,829991.981
13,2,1,2,4,298260.724
13,2,1,2,5,392305.4704
13,2,1,2,6,830613.0074
13,2,1,3,0,469673.1518
13,2,1,3,1,537271.2746
13,2,1,3,2,867429.3561
13,2,1,3,3,682137.1416
13,2,1,3,4,468852.6462
13,2,1,3,5,323070.8151
13,2,1,3,6,620604.8483
13,2,1,0,0,75289.886
13,2,1,0,1,268438.7522
13,2,1,0,2,934637.4521
13,2,1,0,3,988034.196
13,2,1,0,4,711426.3707
13,2,1,0,5,45388.68569
13,2,1,0,6,821096.9788
14,0,0,1,0,708473.0418
14,0,0,1,1,790019.9879
14,0,0,1,2,264715.6435
14,0,0,1,3,387850.4461
14,0,0,1,4,140776.6778
14,0,0,1,5,456930.4569
14,0,0,1,6,501119.5916
14,0,0,2,0,330012.6078
14,0,0,2,1,64805.92421
14,0,0,2,2,906321.0678
14,0,0,2,3,236082.7018
14,0,0,2,4,579597.9939
14,0,0,2,5,119678.5762
14,0,0,2,6,7837.870479
14,0,0,3,0,477872.4936
14,0,0,3,1,301055.2293
14,0,0,3,2,90578.07521
14,0,0,3,3,339452.315
14,0,0,3,4,474746.4281
14,0,0,3,5,269164.9685
14,0,0,3,6,193808.4066
14,0,0,0,0,546408.166
14,0,0,0,1,495753.9853
14,0,0,0,2,393979.8024
14,0,0,0,3,229510.6861
14,0,0,0,4,18002.11481
14,0,0,0,5,638883.3517
14,0,0,0,6,119399.6295
14,0,1,1,0,972432.729
14,0,1,1,1,976467.2742
14,0,1,1,2,892901.7613
14,0,1,1,3,915139.4571
14,0,1,1,4,453370.6416
14,0,1,1,5,206017.1917
14,0,1,1,6,227089.9048
14,0,1,2,0,106260.4833
14,0,1,2,1,847376.9986
14,0,1,2,2,815147.2665
14,0,1,2,3,312172.2316
14,0,1,2,4,840100.1482
14,0,1,2,5,529557.1744
14,0,1,2,6,621579.7392
14,0,1,3,0,586096.8996
14,0,1,3,1,77349.96737
14,0,1,3,2,485252.192
14,0,1,3,3,976777.149
14,0,1,3,4,769920.527
14,0,1,3,5,112194.8697
14,0,1,3,6,668632.4198
14,0,1,0,0,105738.3875
14,0,1,0,1,611904.1053
14,0,1,0,2,275841.1357
14,0,1,0,3,92203.46965
14,0,1,0,4,327830.6647
14,0,1,0,5,592028.9371
14,0,1,0,6,158424.4488
14,1,0,1,0,399452.1862
14,1,0,1,1,845699.4134
14,1,0,1,2,554491.6032
14,1,0,1,3,896203.7766
14,1,0,1,4,423836.8281
14,1,0,1,5,141837.5475
14,1,0,1,6,752340.1992
14,1,0,2,0,814110.4222
14,1,0,2,1,769552.7525
14,1,0,2,2,406184.5285
14,1,0,2,3,586264.0341
14,1,0,2,4,988135.9829
14,1,0,2,5,762980.4713
14,1,0,2,6,833164.3797
14,1,0,3,0,398651.7792
14,1,0,3,1,97706.93115
14,1,0,3,2,218450.7034
14,1,0,3,3,72861.47807
14,1,0,3,4,44384.02197
14,1,0,3,5,275107.5973
14,1,0,3,6,337936.7273
14,1,0,0,0,598571.3845
14,1,0,0,1,601427.5242
14,1,0,0,2,527177.3258
14,1,0,0,3,721511.1572
14,1,0,0,4,261753.4808
14,1,0,0,5,507150.9999
14,1,0,0,6,703921.741
14,1,1,1,0,903881.0858
14,1,1,1,1,845451.1326
14,1,1,1,2,610382.627
14,1,1,1,3,919342.0647
14,1,1,1,4,52041.48062
14,1,1,1,5,998533.9593
14,1,1,1,6,114581.7148
14,1,1,2,0,791700.5571
14,1,1,2,1,460064.3213
14,1,1,2,2,535656.0104
14,1,1,2,3,154098.7065
14,1,1,2,4,863604.0536
14,1,1,2,5,259266.0605
14,1,1,2,6,721612.9545
14,1,1,3,0,793348.5397
14,1,1,3,1,86701.72598
14,1,1,3,2,325474.1968
14,1,1,3,3,823819.9279
14,1,1,3,4,567824.6694
14,1,1,3,5,311457.5856
14,1,1,3,6,709838.861
14,1,1,0,0,912921.0879
14,1,1,0,1,296232.1319
14,1,1,0,2,309371.4913
14,1,1,0,3,45612.87017
14,1,1,0,4,619081.1523
14,1,1,0,5,784619.9259
14,1,1,0,6,973187.4066
14,2,0,1,0,290549.7488
14,2,0,1,1,310297.5888
14,2,0,1,2,216244.2884
14,2,0,1,3,990041.0873
14,2,0,1,4,853046.1157
14,2,0,1,5,949112.1549
14,2,0,1,6,474996.1677
14,2,0,2,0,463163.7476
14,2,0,2,1,619880.8862
14,2,0,2,2,705388.5725
14,2,0,2,3,385577.6799
14,2,0,2,4,669672.1803
14,2,0,2,5,654381.0741
14,2,0,2,6,255362.917
14,2,0,3,0,870213.9624
14,2,0,3,1,385139.9595
14,2,0,3,2,366069.6028
14,2,0,3,3,580961.9152
14,2,0,3,4,319538.3226
14,2,0,3,5,980058.1925
14,2,0,3,6,766328.1725
14,2,0,0,0,998423.7997
14,2,0,0,1,54390.23001
14,2,0,0,2,798958.8228
14,2,0,0,3,19333.66395
14,2,0,0,4,91544.75367
14,2,0,0,5,615617.2053
14,2,0,0,6,169887.0391
14,2,1,1,0,873504.0104
14,2,1,1,1,202414.2658
14,2,1,1,2,760573.19
14,2,1,1,3,760073.6844
14,2,1,1,4,715915.5775
14,2,1,1,5,141289.9952
14,2,1,1,6,467857.5692
14,2,1,2,0,893072.4076
14,2,1,2,1,930630.9496
14,2,1,2,2,817303.8945
14,2,1,2,3,955940.7645
14,2,1,2,4,873290.9178
14,2,1,2,5,961601.9256
14,2,1,2,6,562978.243
14,2,1,3,0,706673.4859
14,2,1,3,1,325758.8792
14,2,1,3,2,981790.2561
14,2,1,3,3,28071.53713
14,2,1,3,4,751278.7208
14,2,1,3,5,52139.79126
14,2,1,3,6,352373.936
14,2,1,0,0,652060.9512
14,2,1,0,1,24276.67308
14,2,1,0,2,928408.0139
14,2,1,0,3,119384.3912
14,2,1,0,4,889609.3011
14,2,1,0,5,419894.9302
14,2,1,0,6,925275.981
15,0,0,1,0,639845.8709
15,0,0,1,1,559651.6528
15,0,0,1,2,295867.2157
15,0,0,1,3,419371.0043
15,0,0,1,4,55465.30633
15,0,0,1,5,916277.3216
15,0,0,1,6,561125.8743
15,0,0,2,0,581324.9994
15,0,0,2,1,739147.1252
15,0,0,2,2,298370.9039
15,0,0,2,3,156744.8847
15,0,0,2,4,776354.4466
15,0,0,2,5,28084.46604
15,0,0,2,6,505015.6723
15,0,0,3,0,693591.647
15,0,0,3,1,593571.9909
15,0,0,3,2,526904.3373
15,0,0,3,3,364951.691
15,0,0,3,4,245497.0582
15,0,0,3,5,332185.5114
15,0,0,3,6,15321.26717
15,0,0,0,0,320919.6672
15,0,0,0,1,813355.8426
15,0,0,0,2,515903.757
15,0,0,0,3,526980.1133
15,0,0,0,4,233511.2193
15,0,0,0,5,773419.4366
15,0,0,0,6,281282.6536
15,0,1,1,0,479645.8545
15,0,1,1,1,24184.73148
15,0,1,1,2,702146.3808
15,0,1,1,3,291409.6183
15,0,1,1,4,831624.0471
15,0,1,1,5,223395.4654
15,0,1,1,6,330326.0873
15,0,1,2,0,163237.9858
15,0,1,2,1,115272.7104
15,0,1,2,2,967327.295
15,0,1,2,3,20793.66342
15,0,1,2,4,265047.0719
15,0,1,2,5,855692.825
15,0,1,2,6,495502.8501
15,0,1,3,0,86904.88072
15,0,1,3,1,139917.9414
15,0,1,3,2,321161.085
15,0,1,3,3,741587.6417
15,0,1,3,4,473042.2558
15,0,1,3,5,741778.8464
15,0,1,3,6,771595.2688
15,0,1,0,0,180992.9907
15,0,1,0,1,803774.3872
15,0,1,0,2,132488.1486
15,0,1,0,3,372318.877
15,0,1,0,4,701421.2937
15,0,1,0,5,574892.3767
15,0,1,0,6,281587.1989
15,1,0,1,0,722618.8147
15,1,0,1,1,896287.076
15,1,0,1,2,307399.0033
15,1,0,1,3,134768.8515
15,1,0,1,4,512065.7095
15,1,0,1,5,845984.9018
15,1,0,1,6,814627.3671
15,1,0,2,0,172772.0943
15,1,0,2,1,162293.602
15,1,0,2,2,148265.9927
15,1,0,2,3,343017.9207
15,1,0,2,4,269327.1208
15,1,0,2,5,437912.043
15,1,0,2,6,686523.0186
15,1,0,3,0,238683.5029
15,1,0,3,1,774939.0146
15,1,0,3,2,917450.3055
15,1,0,3,3,383572.3825
15,1,0,3,4,964744.731
15,1,0,3,5,402712.3295
15,1,0,3,6,903709.9135
15,1,0,0,0,978562.1672
15,1,0,0,1,748518.301
15,1,0,0,2,673083.4034
15,1,0,0,3,822628.1599
15,1,0,0,4,685923.0198
15,1,0,0,5,872993.6146
15,1,0,0,6,386240.6105
15,1,1,1,0,410732.2188
15,1,1,1,1,447818.0816
15,1,1,1,2,643633.6595
15,1,1,1,3,834177.1589
15,1,1,1,4,23489.3473
15,1,1,1,5,375337.6502
15,1,1,1,6,359388.4059
15,1,1,2,0,238735.238
15,1,1,2,1,210336.2395
15,1,1,2,2,888722.658
15,1,1,2,3,195909.9755
15,1,1,2,4,207664.0517
15,1,1,2,5,296895.8764
15,1,1,2,6,13190.64457
15,1,1,3,0,769310.8497
15,1,1,3,1,837628.5682
15,1,1,3,2,90868.04053
15,1,1,3,3,264476.8291
15,1,1,3,4,290407.5894
15,1,1,3,5,461269.9078
15,1,1,3,6,985305.3553
15,1,1,0,0,566991.5859
15,1,1,0,1,642244.3043
15,1,1,0,2,934832.1029
15,1,1,0,3,671463.6859
15,1,1,0,4,687535.5062
15,1,1,0,5,417791.7183
15,1,1,0,6,793534.2162
15,2,0,1,0,393142.0173
15,2,0,1,1,738801.1348
15,2,0,1,2,940069.0029
15,2,0,1,3,563780.9876
15,2,0,1,4,175403.921
15,2,0,1,5,409430.8962
15,2,0,1,6,553537.2682
15,2,0,2,0,14468.9187
15,2,0,2,1,742798.7829
15,2,0,2,2,711188.405
15,2,0,2,3,23465.36178
15,2,0,2,4,154058.9349
15,2,0,2,5,905677.9634
15,2,0,2,6,198840.5416
15,2,0,3,0,709069.5747
15,2,0,3,1,335751.0794
15,2,0,3,2,37927.18758
15,2,0,3,3,814636.1108
15,2,0,3,4,286581.334
15,2,0,3,5,920010.0411
15,2,0,3,6,895413.4516
15,2,0,0,0,736806.084
15,2,0,0,1,189997.4527
15,2,0,0,2,561855.4079
15,2,0,0,3,431671.07
15,2,0,0,4,870299.6965
15,2,0,0,5,610120.2007
15,2,0,0,6,339743.5828
15,2,1,1,0,455827.9924
15,2,1,1,1,908009.3148
15,2,1,1,2,846594.8686
15,2,1,1,3,623533.0124
15,2,1,1,4,947500.2907
15,2,1,1,5,212026.6875
15,2,1,1,6,43005.10404
15,2,1,2,0,790938.3014
15,2,1,2,1,594359.1237
15,2,1,2,2,117011.4781
15,2,1,2,3,851687.233
15,2,1,2,4,645042.5733
15,2,1,2,5,650300.9205
15,2,1,2,6,641542.6728
15,2,1,3,0,372776.3489
15,2,1,3,1,659852.0722
15,2,1,3,2,525628.7085
15,2,1,3,3,8362.290297
15,2,1,3,4,791098.9639
15,2,1,3,5,986540.202
15,2,1,3,6,615377.9383
15,2,1,0,0,820709.7812
15,2,1,0,1,494878.0083
15,2,1,0,2,489943.4313
15,2,1,0,3,747898.1074
15,2,1,0,4,219484.7705
15,2,1,0,5,101818.0573
15,2,1,0,6,953034.2262
16,0,0,1,0,293026.7796
16,0,0,1,1,854764.5428
16,0,0,1,2,740989.7919
16,0,0,1,3,986511.3414
16,0,0,1,4,407670.1521
16,0,0,1,5,45242.30686
16,0,0,1,6,143034.457
16,0,0,2,0,111311.2808
16,0,0,2,1,116330.036
16,0,0,2,2,70440.60367
16,0,0,2,3,576560.7367
16,0,0,2,4,943758.975
16,0,0,2,5,925094.558
16,0,0,2,6,143093.9274
16,0,0,3,0,435207.9381
16,0,0,3,1,406239.6676
16,0,0,3,2,449835.4767
16,0,0,3,3,242883.2247
16,0,0,3,4,327700.6701
16,0,0,3,5,410688.2924
16,0,0,3,6,102832.6429
16,0,0,0,0,657744.3868
16,0,0,0,1,852322.3469
16,0,0,0,2,517856.4904
16,0,0,0,3,226771.6105
16,0,0,0,4,775261.4689
16,0,0,0,5,847585.908
16,0,0,0,6,662231.3789
16,0,1,1,0,191037.9061
16,0,1,1,1,394195
16,0,1,1,2,802481.8179
16,0,1,1,3,150644.7895
16,0,1,1,4,872457.2476
16,0,1,1,5,584984.2574
16,0,1,1,6,282535.3249
16,0,1,2,0,792024.8496
16,0,1,2,1,631108.4035
16,0,1,2,2,918101.678
16,0,1,2,3,682005.7251
16,0,1,2,4,196406.7877
16,0,1,2,5,361560.9474
16,0,1,2,6,700426.8772
16,0,1,3,0,347913.117
16,0,1,3,1,993233.4417
16,0,1,3,2,450867.5849
16,0,1,3,3,712346.282
16,0,1,3,4,138178.3407
16,0,1,3,5,962139.5835
16,0,1,3,6,506866.9809
16,0,1,0,0,822073.9023
16,0,1,0,1,774014.491
16,0,1,0,2,843829.4685
16,0,1,0,3,533829.326
16,0,1,0,4,768727.6859
16,0,1,0,5,925809.4883
16,0,1,0,6,904319.5588
16,1,0,1,0,827203.8661
16,1,0,1,1,351984.8083
16,1,0,1,2,832090.43
16,1,0,1,3,162733.7706
16,1,0,1,4,235203.9355
16,1,0,1,5,243678.6248
16,1,0,1,6,392762.6781
16,1,0,2,0,561001.6963
16,1,0,2,1,592191.6506
16,1,0,2,2,645488.6959
16,1,0,2,3,100667.91
16,1,0,2,4,253224.9208
16,1,0,2,5,67300.96496
16,1,0,2,6,56914.77184
16,1,0,3,0,879606.4817
16,1,0,3,1,623140.1869
16,1,0,3,2,891464.4089
16,1,0,3,3,489014.2308
16,1,0,3,4,882321.8738
16,1,0,3,5,600022.6969
16,1,0,3,6,426985.3116
16,1,0,0,0,561922.0841
16,1,0,0,1,568545.8803
16,1,0,0,2,336536.3182
16,1,0,0,3,826024.0325
16,1,0,0,4,57961.04542
16,1,0,0,5,931054.9575
16,1,0,0,6,336452.1412
16,1,1,1,0,587842.8374
16,1,1,1,1,667188.8967
16,1,1,1,2,566789.724
16,1,1,1,3,675820.2278
16,1,1,1,4,169381.5934
16,1,1,1,5,858518.9408
16,1,1,1,6,400441.4471
16,1,1,2,0,48094.34611
16,1,1,2,1,429711.5692
16,1,1,2,2,37088.75456
16,1,1,2,3,259510.1782
16,1,1,2,4,981872.3855
16,1,1,2,5,96142.68072
16,1,1,2,6,407341.1259
16,1,1,3,0,172691.6912
16,1,1,3,1,729330.4411
16,1,1,3,2,628235.0234
16,1,1,3,3,251320.5715
16,1,1,3,4,217551.0786
16,1,1,3,5,4091.558389
16,1,1,3,6,825692.6087
16,1,1,0,0,652977.6021
16,1,1,0,1,978793.1267
16,1,1,0,2,959184.8846
16,1,1,0,3,277093.6232
16,1,1,0,4,51811.9355
16,1,1,0,5,195040.7198
16,1,1,0,6,538914.8938
16,2,0,1,0,278638.174
16,2,0,1,1,392975.1618
16,2,0,1,2,969884.1512
16,2,0,1,3,612874.0804
16,2,0,1,4,165570.8054
16,2,0,1,5,55992.18721
16,2,0,1,6,2065.976138
16,2,0,2,0,105996.9687
16,2,0,2,1,93662.01544
16,2,0,2,2,190550.0551
16,2,0,2,3,650017.3353
16,2,0,2,4,675467.219
16,2,0,2,5,184109.4774
16,2,0,2,6,565341.4104
16,2,0,3,0,287563.5118
16,2,0,3,1,353453.614
16,2,0,3,2,602445.5918
16,2,0,3,3,544739.7132
16,2,0,3,4,330467.8122
16,2,0,3,5,974064.8204
16,2,0,3,6,580515.8318
16,2,0,0,0,348121.3879
16,2,0,0,1,517584.5687
16,2,0,0,2,133576.9363
16,2,0,0,3,610317.5233
16,2,0,0,4,317939.783
16,2,0,0,5,515743.5386
16,2,0,0,6,894901.7675
16,2,1,1,0,39466.21723
16,2,1,1,1,525195.1017
16,2,1,1,2,684089.6022
16,2,1,1,3,440427.9342
16,2,1,1,4,80283.14078
16,2,1,1,5,674732.4807
16,2,1,1,6,881453.3185
16,2,1,2,0,401780.9534
16,2,1,2,1,807973.394
16,2,1,2,2,937840.8079
16,2,1,2,3,529428.9351
16,2,1,2,4,650712.5896
16,2,1,2,5,68091.66866
16,2,1,2,6,35912.8857
16,2,1,3,0,754189.0808
16,2,1,3,1,922243.5501
16,2,1,3,2,339468.6408
16,2,1,3,3,626466.9594
16,2,1,3,4,321665.5562
16,2,1,3,5,759348.059
16,2,1,3,6,505997.265
16,2,1,0,0,801619.0994
16,2,1,0,1,253578.5198
16,2,1,0,2,917882.5364
16,2,1,0,3,179155.8399
16,2,1,0,4,299134.2097
16,2,1,0,5,465896.7482
16,2,1,0,6,551124.9891
17,0,0,1,0,682870.0543
17,0,0,1,1,847472.8975
17,0,0,1,2,506664.3869
17,0,0,1,3,205205.4697
17,0,0,1,4,63293.68713
17,0,0,1,5,918791.0003
17,0,0,1,6,486730.0996
17,0,0,2,0,899872.3059
17,0,0,2,1,518313.7417
17,0,0,2,2,47636.46649
17,0,0,2,3,594766.7446
17,0,0,2,4,343452.7745
17,0,0,2,5,455062.4884
17,0,0,2,6,788128.5398
17,0,0,3,0,167071.0074
17,0,0,3,1,636530.6715
17,0,0,3,2,978445.564
17,0,0,3,3,328692.3208
17,0,0,3,4,142984.3003
17,0,0,3,5,655777.9717
17,0,0,3,6,989671.5335
17,0,0,0,0,760961.7463
17,0,0,0,1,878377.0554
17,0,0,0,2,677540.8777
17,0,0,0,3,230995.2473
17,0,0,0,4,8251.98413
17,0,0,0,5,712491.2413
17,0,0,0,6,700195.7866
17,0,1,1,0,551363.6056
17,0,1,1,1,459042.4887
17,0,1,1,2,387536.1886
17,0,1,1,3,354953.4362
17,0,1,1,4,387379.0497
17,0,1,1,5,422200.0189
17,0,1,1,6,405785.6524
17,0,1,2,0,256704.8204
17,0,1,2,1,954972.624
17,0,1,2,2,623210.8122
17,0,1,2,3,675524.5519
17,0,1,2,4,139665.6277
17,0,1,2,5,929405.0417
17,0,1,2,6,94479.42461
17,0,1,3,0,345045.9598
17,0,1,3,1,146990.5214
17,0,1,3,2,454690.7039
17,0,1,3,3,977791.2515
17,0,1,3,4,553000.4603
17,0,1,3,5,199192.2622
17,0,1,3,6,168266.1429
17,0,1,0,0,953325.0274
17,0,1,0,1,933751.3103
17,0,1,0,2,453115.2086
17,0,1,0,3,552701.1289
17,0,1,0,4,237139.7292
17,0,1,0,5,107990.4944
17,0,1,0,6,481376.2864
17,1,0,1,0,333476.8993
17,1,0,1,1,347850.6513
17,1,0,1,2,61722.60636
17,1,0,1,3,951600.9803
17,1,0,1,4,830333.0367
17,1,0,1,5,133247.5265
17,1,0,1,6,270824.3308
17,1,0,2,0,265445.6904
17,1,0,2,1,139410.374
17,1,0,2,2,868896.6853
17,1,0,2,3,663740.0538
17,1,0,2,4,829312.059
17,1,0,2,5,774394.5882
17,1,0,2,6,593309.0522
17,1,0,3,0,31474.18885
17,1,0,3,1,371822.8145
17,1,0,3,2,927091.3985
17,1,0,3,3,228044.0221
17,1,0,3,4,291893.7553
17,1,0,3,5,997542.6663
17,1,0,3,6,821340.4298
17,1,0,0,0,446158.6673
17,1,0,0,1,94455.42173
17,1,0,0,2,472092.2906
17,1,0,0,3,728902.4462
17,1,0,0,4,698700.8876
17,1,0,0,5,611823.2146
17,1,0,0,6,570716.6586
17,1,1,1,0,91929.89647
17,1,1,1,1,286483.8358
17,1,1,1,2,6444.349065
17,1,1,1,3,190534.0689
17,1,1,1,4,853858.3367
17,1,1,1,5,873168.5734
17,1,1,1,6,983002.5317
17,1,1,2,0,326105.3236
17,1,1,2,1,539032.3101
17,1,1,2,2,375720.2083
17,1,1,2,3,41769.53894
17,1,1,2,4,938627.4311
17,1,1,2,5,841105.9665
17,1,1,2,6,739592.5534
17,1,1,3,0,533227.0994
17,1,1,3,1,210969.4102
17,1,1,3,2,481235.3232
17,1,1,3,3,708535.098
17,1,1,3,4,380933.1658
17,1,1,3,5,673932.6693
17,1,1,3,6,879305.4895
17,1,1,0,0,332704.9165
17,1,1,0,1,387458.2177
17,1,1,0,2,213531.8149
17,1,1,0,3,744912.9208
17,1,1,0,4,623805.6481
17,1,1,0,5,367318.003
17,1,1,0,6,24756.28196
17,2,0,1,0,39549.10714
17,2,0,1,1,462264.6168
17,2,0,1,2,961181.9663
17,2,0,1,3,164186.9619
17,2,0,1,4,887408.994
17,2,0,1,5,588997.77
17,2,0,1,6,877236.968
17,2,0,2,0,472006.1778
17,2,0,2,1,919473.5704
17,2,0,2,2,273101.9448
17,2,0,2,3,478438.3247
17,2,0,2,4,283353.3933
17,2,0,2,5,223992.9725
17,2,0,2,6,36852.36719
17,2,0,3,0,88481.15824
17,2,0,3,1,529643.1054
17,2,0,3,2,546222.8888
17,2,0,3,3,640672.8771
17,2,0,3,4,124677.1286
17,2,0,3,5,542375.5429
17,2,0,3,6,631243.6151
17,2,0,0,0,383284.7835
17,2,0,0,1,182522.6483
17,2,0,0,2,115134.4642
17,2,0,0,3,635917.4152
17,2,0,0,4,656030.2086
17,2,0,0,5,494596.8127
17,2,0,0,6,153881.141
17,2,1,1,0,349517.3178
17,2,1,1,1,605403.9381
17,2,1,1,2,765528.2908
17,2,1,1,3,551316.81
17,2,1,1,4,557285.4232
17,2,1,1,5,704117.4005
17,2,1,1,6,245122.3731
17,2,1,2,0,758000.499
17,2,1,2,1,257157.2119
17,2,1,2,2,8557.405713
17,2,1,2,3,43340.82968
17,2,1,2,4,891073.3395
17,2,1,2,5,597113.5603
17,2,1,2,6,889291.2344
17,2,1,3,0,113678.6567
17,2,1,3,1,120853.6846
17,2,1,3,2,339099.0601
17,2,1,3,3,61308.52498
17,2,1,3,4,35583.56081
17,2,1,3,5,506232.5831
17,2,1,3,6,375172.4952
17,2,1,0,0,811980.0497
17,2,1,0,1,711915.4758
17,2,1,0,2,411712.1975
17,2,1,0,3,322530.5137
17,2,1,0,4,427251.9054
17,2,1,0,5,364044.8556
17,2,1,0,6,132094.4649
18,0,0,1,0,506273.7778
18,0,0,1,1,950383.1839
18,0,0,1,2,755040.4709
18,0,0,1,3,375241.0917
18,0,0,1,4,702259.7918
18,0,0,1,5,572573.6909
18,0,0,1,6,400498.4776
18,0,0,2,0,808990.0857
18,0,0,2,1,857114.4314
18,0,0,2,2,151118.2968
18,0,0,2,3,636916.2263
18,0,0,2,4,965228.0129
18,0,0,2,5,628450.1137
18,0,0,2,6,578262.3923
18,0,0,3,0,809116.4319
18,0,0,3,1,412281.484
18,0,0,3,2,995565.2432
18,0,0,3,3,982722.801
18,0,0,3,4,511077.6885
18,0,0,3,5,256205.1628
18,0,0,3,6,379376.1173
18,0,0,0,0,35877.3238
18,0,0,0,1,768630.2555
18,0,0,0,2,712207.5907
18,0,0,0,3,680059.2791
18,0,0,0,4,955915.2684
18,0,0,0,5,287826.4299
18,0,0,0,6,699370.7419
18,0,1,1,0,391858.3642
18,0,1,1,1,155779.9129
18,0,1,1,2,409397.1227
18,0,1,1,3,154982.4898
18,0,1,1,4,486736.6439
18,0,1,1,5,864523.6383
18,0,1,1,6,207557.6197
18,0,1,2,0,39215.84495
18,0,1,2,1,72032.49814
18,0,1,2,2,466734.9705
18,0,1,2,3,250526.8611
18,0,1,2,4,806552.5651
18,0,1,2,5,922001.9877
18,0,1,2,6,750985.9848
18,0,1,3,0,900476.3438
18,0,1,3,1,457263.1439
18,0,1,3,2,859109.0622
18,0,1,3,3,735787.7643
18,0,1,3,4,672226.4523
18,0,1,3,5,150418.5067
18,0,1,3,6,618150.6686
18,0,1,0,0,250330.3931
18,0,1,0,1,92859.14099
18,0,1,0,2,759323.8778
18,0,1,0,3,264780.2499
18,0,1,0,4,987323.1999
18,0,1,0,5,708517.8968
18,0,1,0,6,680928.4186
18,1,0,1,0,459720.1549
18,1,0,1,1,316540.0096
18,1,0,1,2,370017.3307
18,1,0,1,3,672678.7613
18,1,0,1,4,860929.8264
18,1,0,1,5,750213.2731
18,1,0,1,6,695485.9811
18,1,0,2,0,483448.5313
18,1,0,2,1,738222.7341
18,1,0,2,2,585209.6566
18,1,0,2,3,656118.262
18,1,0,2,4,569589.8734
18,1,0,2,5,438302.7569
18,1,0,2,6,911959.4191
18,1,0,3,0,560212.0118
18,1,0,3,1,242817.487
18,1,0,3,2,682915.8047
18,1,0,3,3,876400.1747
18,1,0,3,4,321020.6466
18,1,0,3,5,183549.0292
18,1,0,3,6,808790.2929
18,1,0,0,0,808735.4501
18,1,0,0,1,785549.8086
18,1,0,0,2,371490.6016
18,1,0,0,3,965265.9597
18,1,0,0,4,591596.7725
18,1,0,0,5,74280.29386
18,1,0,0,6,134669.4342
18,1,1,1,0,973987.1509
18,1,1,1,1,430237.8375
18,1,1,1,2,335900.3872
18,1,1,1,3,198780.3477
18,1,1,1,4,24763.43123
18,1,1,1,5,8677.656229
18,1,1,1,6,56482.64073
18,1,1,2,0,330626.5768
18,1,1,2,1,632676.9585
18,1,1,2,2,868249.2281
18,1,1,2,3,79141.22842
18,1,1,2,4,412599.2327
18,1,1,2,5,313742.4085
18,1,1,2,6,728799.0652
18,1,1,3,0,788057.9998
18,1,1,3,1,559554.6171
18,1,1,3,2,249901.9996
18,1,1,3,3,387821.7056
18,1,1,3,4,489866.6605
18,1,1,3,5,195111.3533
18,1,1,3,6,808864.4638
18,1,1,0,0,779103.2446
18,1,1,0,1,885736.1347
18,1,1,0,2,841304.8012
18,1,1,0,3,160273.9472
18,1,1,0,4,749985.8148
18,1,1,0,5,669095.6628
18,1,1,0,6,743699.0149
18,2,0,1,0,386920.4867
18,2,0,1,1,125155.2211
18,2,0,1,2,706796.1379
18,2,0,1,3,353471.6578
18,2,0,1,4,428181.31
18,2,0,1,5,664891.8204
18,2,0,1,6,965602.9083
18,2,0,2,0,118650.334
18,2,0,2,1,912607.8171
18,2,0,2,2,597014.9507
18,2,0,2,3,331268.0043
18,2,0,2,4,998593.7685
18,2,0,2,5,437550.2743
18,2,0,2,6,504289.2565
18,2,0,3,0,734029.9121
18,2,0,3,1,608974.5323
18,2,0,3,2,135938.7446
18,2,0,3,3,482850.9944
18,2,0,3,4,542242.1657
18,2,0,3,5,928934.9069
18,2,0,3,6,433814.8985
18,2,0,0,0,652251.2014
18,2,0,0,1,14931.96338
18,2,0,0,2,57750.66774
18,2,0,0,3,746936.6398
18,2,0,0,4,294001.7768
18,2,0,0,5,714443.0753
18,2,0,0,6,595252.1937
18,2,1,1,0,490753.1838
18,2,1,1,1,123049.325
18,2,1,1,2,171917.5342
18,2,1,1,3,838416.5052
18,2,1,1,4,185275.8048
18,2,1,1,5,455391.1121
18,2,1,1,6,771223.3218
18,2,1,2,0,135957.0876
18,2,1,2,1,624844.8983
18,2,1,2,2,325086.1527
18,2,1,2,3,771036.0304
18,2,1,2,4,423403.488
18,2,1,2,5,52521.56626
18,2,1,2,6,925203.7338
18,2,1,3,0,620134.2814
18,2,1,3,1,173075.8657
18,2,1,3,2,29807.84867
18,2,1,3,3,99790.64464
18,2,1,3,4,237570.5258
18,2,1,3,5,736524.1771
18,2,1,3,6,224626.5892
18,2,1,0,0,997727.458
18,2,1,0,1,727229.8243
18,2,1,0,2,331415.644
18,2,1,0,3,653968.4539
18,2,1,0,4,414383.4358
18,2,1,0,5,75391.42617
18,2,1,0,6,730518.3054
19,0,0,1,0,12339.9565
19,0,0,1,1,793268.1575
19,0,0,1,2,740259.0165
19,0,0,1,3,47342.12266
19,0,0,1,4,593123.2338
19,0,0,1,5,337417.9947
19,0,0,1,6,684027.3404
19,0,0,2,0,881163.9262
19,0,0,2,1,967184.8353
19,0,0,2,2,189043.5147
19,0,0,2,3,320904.3717
19,0,0,2,4,483575.5461
19,0,0,2,5,21546.94012
19,0,0,2,6,176003.8136
19,0,0,3,0,58609.70716
19,0,0,3,1,539359.6469
19,0,0,3,2,180661.5212
19,0,0,3,3,194962.3009
19,0,0,3,4,596221.6898
19,0,0,3,5,616410.802
19,0,0,3,6,633804.2927
19,0,0,0,0,903618.0153
19,0,0,0,1,907846.9708
19,0,0,0,2,332584.2553
19,0,0,0,3,174331.6892
19,0,0,0,4,28194.96711
19,0,0,0,5,889437.8808
19,0,0,0,6,811768.2454
19,0,1,1,0,820020.9967
19,0,1,1,1,257411.72
19,0,1,1,2,975184.953
19,0,1,1,3,57140.19849
19,0,1,1,4,728440.1883
19,0,1,1,5,390442.0763
19,0,1,1,6,640262.7738
19,0,1,2,0,456481.2104
19,0,1,2,1,47270.41528
19,0,1,2,2,133917.0136
19,0,1,2,3,598309.4577
19,0,1,2,4,752586.8128
19,0,1,2,5,246730.8409
19,0,1,2,6,701806.712
19,0,1,3,0,674871.5706
19,0,1,3,1,461226.758
19,0,1,3,2,169732.3098
19,0,1,3,3,162061.3305
19,0,1,3,4,792147.3769
19,0,1,3,5,899769.9657
19,0,1,3,6,505112.1751
19,0,1,0,0,295177.1485
19,0,1,0,1,235713.7563
19,0,1,0,2,701505.5242
19,0,1,0,3,640279.9268
19,0,1,0,4,582395.0401
19,0,1,0,5,390522.6258
19,0,1,0,6,933853.8813
19,1,0,1,0,881829.6316
19,1,0,1,1,825025.9987
19,1,0,1,2,431305.1048
19,1,0,1,3,713077.3018
19,1,0,1,4,846151.2543
19,1,0,1,5,811438.7141
19,1,0,1,6,31623.06199
19,1,0,2,0,513761.8923
19,1,0,2,1,416800.3174
19,1,0,2,2,394532.1774
19,1,0,2,3,16158.63003
19,1,0,2,4,208258.3439
19,1,0,2,5,41361.22567
19,1,0,2,6,320056.3039
19,1,0,3,0,22434.84488
19,1,0,3,1,239431.9419
19,1,0,3,2,297766.5547
19,1,0,3,3,154931.8282
19,1,0,3,4,661011.1852
19,1,0,3,5,229486.8378
19,1,0,3,6,598510.8958
19,1,0,0,0,704760.3707
19,1,0,0,1,367300.0693
19,1,0,0,2,758293.4825
19,1,0,0,3,620924.6934
19,1,0,0,4,381004.4267
19,1,0,0,5,123501.466
19,1,0,0,6,6562.529727
19,1,1,1,0,552649.7482
19,1,1,1,1,80855.78248
19,1,1,1,2,495754.4347
19,1,1,1,3,452371.6168
19,1,1,1,4,523685.0113
19,1,1,1,5,276600.6166
19,1,1,1,6,979456.2172
19,1,1,2,0,833967.0898
19,1,1,2,1,659847.4342
19,1,1,2,2,176327.9541
19,1,1,2,3,474800.7767
19,1,1,2,4,147425.0151
19,1,1,2,5,37219.48976
19,1,1,2,6,14117.52207
19,1,1,3,0,824940.2999
19,1,1,3,1,534671.2513
19,1,1,3,2,443131.4533
19,1,1,3,3,755382.052
19,1,1,3,4,740774.9616
19,1,1,3,5,535523.8216
19,1,1,3,6,256453.2075
19,1,1,0,0,761828.2358
19,1,1,0,1,109227.4129
19,1,1,0,2,326834.8568
19,1,1,0,3,948446.5602
19,1,1,0,4,250539.2623
19,1,1,0,5,635960.3803
19,1,1,0,6,252473.6572
19,2,0,1,0,675156.0283
19,2,0,1,1,702971.5153
19,2,0,1,2,8847.28145
19,2,0,1,3,159806.4224
19,2,0,1,4,183292.5217
19,2,0,1,5,732196.4467
19,2,0,1,6,285107.0138
19,2,0,2,0,801492.118
19,2,0,2,1,783790.4681
19,2,0,2,2,300508.0218
19,2,0,2,3,2865.950494
19,2,0,2,4,835828.2223
19,2,0,2,5,460696.3274
19,2,0,2,6,594555.4418
19,2,0,3,0,597011.7604
19,2,0,3,1,764544.0053
19,2,0,3,2,277772.2136
19,2,0,3,3,311449.203
19,2,0,3,4,59555.01786
19,2,0,3,5,483853.1268
19,2,0,3,6,121175.1579
19,2,0,0,0,586828.333
19,2,0,0,1,426316.0187
19,2,0,0,2,992741.3786
19,2,0,0,3,473799.5746
19,2,0,0,4,304665.3232
19,2,0,0,5,594606.5115
19,2,0,0,6,201879.4877
19,2,1,1,0,355346.2063
19,2,1,1,1,68624.56417
19,2,1,1,2,180676.5707
19,2,1,1,3,717214.9141
19,2,1,1,4,781907.9773
19,2,1,1,5,686078.6319
19,2,1,1,6,611049.2095
19,2,1,2,0,934210.5474
19,2,1,2,1,99839.85943
19,2,1,2,2,618426.8034
19,2,1,2,3,408466.5832
19,2,1,2,4,771862.6687
19,2,1,2,5,330905.6829
19,2,1,2,6,485148.1216
19,2,1,3,0,681023.0689
19,2,1,3,1,900044.0488
19,2,1,3,2,229172.2956
19,2,1,3,3,374061.2233
19,2,1,3,4,152162.4381
19,2,1,3,5,369382.4844
19,2,1,3,6,94847.30777
19,2,1,0,0,406551.9327
19,2,1,0,1,679567.5847
19,2,1,0,2,139799.0364
19,2,1,0,3,516233.7598
19,2,1,0,4,734068.5593
19,2,1,0,5,102572.86
19,2,1,0,6,121994.3951
20,0,0,1,0,118201.0858
20,0,0,1,1,900973.9393
20,0,0,1,2,430580.8283
20,0,0,1,3,995585.5184
20,0,0,1,4,84048.92426
20,0,0,1,5,298882.6385
20,0,0,1,6,839066.6686
20,0,0,2,0,248259.2632
20,0,0,2,1,687366.2159
20,0,0,2,2,258900.3709
20,0,0,2,3,675104.9173
20,0,0,2,4,592223.4502
20,0,0,2,5,321465.304
20,0,0,2,6,180721.9008
20,0,0,3,0,690955.2005
20,0,0,3,1,157399.731
20,0,0,3,2,546196.5714
20,0,0,3,3,981333.0722
20,0,0,3,4,22094.52562
20,0,0,3,5,635217.3433
20,0,0,3,6,485426.3515
20,0,0,0,0,61100.86751
20,0,0,0,1,5185.944796
20,0,0,0,2,852529.9321
20,0,0,0,3,503187.0781
20,0,0,0,4,931325.5617
20,0,0,0,5,791824.4927
20,0,0,0,6,92092.66939
20,0,1,1,0,462485.1472
20,0,1,1,1,624867.2027
20,0,1,1,2,855503.1599
20,0,1,1,3,844200.189
20,0,1,1,4,27978.83426
20,0,1,1,5,20247.96062
20,0,1,1,6,912092.8921
20,0,1,2,0,573500.3555
20,0,1,2,1,412214.9615
20,0,1,2,2,249671.228
20,0,1,2,3,478232.4556
20,0,1,2,4,515662.8498
20,0,1,2,5,684839.3633
20,0,1,2,6,432687.2004
20,0,1,3,0,277375.6872
20,0,1,3,1,480495.5185
20,0,1,3,2,265173.3262
20,0,1,3,3,79773.48323
20,0,1,3,4,969844.6701
20,0,1,3,5,131265.5597
20,0,1,3,6,500774.2286
20,0,1,0,0,643888.8705
20,0,1,0,1,231089.4158
20,0,1,0,2,234396.8314
20,0,1,0,3,298075.3178
20,0,1,0,4,863097.1265
20,0,1,0,5,31456.22523
20,0,1,0,6,929378.2459
20,1,0,1,0,615926.2734
20,1,0,1,1,733646.6591
20,1,0,1,2,81117.89022
20,1,0,1,3,155632.751
20,1,0,1,4,258832.6536
20,1,0,1,5,180431.2207
20,1,0,1,6,795421.4464
20,1,0,2,0,991260.0582
20,1,0,2,1,813918.6793
20,1,0,2,2,750545.8471
20,1,0,2,3,808759.4204
20,1,0,2,4,807980.6651
20,1,0,2,5,764114.8464
20,1,0,2,6,945690.9768
20,1,0,3,0,19173.60658
20,1,0,3,1,827272.4342
20,1,0,3,2,779798.0526
20,1,0,3,3,130467.1572
20,1,0,3,4,381250.6001
20,1,0,3,5,874605.479
20,1,0,3,6,942088.4156
20,1,0,0,0,306141.5756
20,1,0,0,1,181470.6798
20,1,0,0,2,871844.7163
20,1,0,0,3,183233.9948
20,1,0,0,4,423256.8742
20,1,0,0,5,328023.1415
20,1,0,0,6,882303.7809
20,1,1,1,0,542990.6617
20,1,1,1,1,321491.4662
20,1,1,1,2,266202.153
20,1,1,1,3,328598.3038
20,1,1,1,4,934631.1943
20,1,1,1,5,831470.0381
20,1,1,1,6,490849.7589
20,1,1,2,0,340359.6976
20,1,1,2,1,990194.217
20,1,1,2,2,50761.66644
20,1,1,2,3,268913.0835
20,1,1,2,4,57035.95323
20,1,1,2,5,211810.2775
20,1,1,2,6,315092.2912
20,1,1,3,0,108035.4338
20,1,1,3,1,110418.9281
20,1,1,3,2,94418.45531
20,1,1,3,3,925837.0448
20,1,1,3,4,711201.6986
20,1,1,3,5,442202.0981
20,1,1,3,6,104914.0488
20,1,1,0,0,266147.2914
20,1,1,0,1,642810.4833
20,1,1,0,2,73787.07602
20,1,1,0,3,403744.2049
20,1,1,0,4,540606.1772
20,1,1,0,5,698146.8816
20,1,1,0,6,438720.6159
20,2,0,1,0,977194.6616
20,2,0,1,1,7095.445487
20,2,0,1,2,16081.38632
20,2,0,1,3,412558.5217
20,2,0,1,4,412087.8698
20,2,0,1,5,234595.6299
20,2,0,1,6,303921.5937
20,2,0,2,0,230616.4421
20,2,0,2,1,889338.7463
20,2,0,2,2,616930.4042
20,2,0,2,3,153695.8563
20,2,0,2,4,70982.11095
20,2,0,2,5,98791.36491
20,2,0,2,6,100005.2568
20,2,0,3,0,320748.4652
20,2,0,3,1,198326.9738
20,2,0,3,2,684986.2082
20,2,0,3,3,838879.6473
20,2,0,3,4,8378.329772
20,2,0,3,5,213469.9394
20,2,0,3,6,521983.9948
20,2,0,0,0,291050.6211
20,2,0,0,1,656354.298
20,2,0,0,2,134309.6421
20,2,0,0,3,585099.192
20,2,0,0,4,73615.32446
20,2,0,0,5,466492.0854
20,2,0,0,6,745655.442
20,2,1,1,0,438372.3746
20,2,1,1,1,764518.6605
20,2,1,1,2,915078.9163
20,2,1,1,3,898652.1533
20,2,1,1,4,388837.307
20,2,1,1,5,711881.3896
20,2,1,1,6,799784.1991
20,2,1,2,0,214906.9843
20,2,1,2,1,172115.2153
20,2,1,2,2,830443.1465
20,2,1,2,3,947795.3076
20,2,1,2,4,956091.1451
20,2,1,2,5,628595.5264
20,2,1,2,6,310443.8279
20,2,1,3,0,572269.8702
20,2,1,3,1,656703.4112
20,2,1,3,2,205438.3364
20,2,1,3,3,141805.9748
20,2,1,3,4,405797.0051
20,2,1,3,5,485845.8998
20,2,1,3,6,276860.952
20,2,1,0,0,365269.6177
20,2,1,0,1,162411.8858
20,2,1,0,2,203277.4901
20,2,1,0,3,213647.1508
20,2,1,0,4,2170.515591
20,2,1,0,5,583809.0219
20,2,1,0,6,5673.329448